lint	Set up job	﻿2026-10-06T09:24:28.6967142Z Current runner version: '2.337.0'
lint	Set up job	2026-10-06T09:24:28.6988174Z ##[group]Runner Image Provisioner
lint	Set up job	2026-10-06T09:24:28.6988898Z Hosted Compute Agent
lint	Set up job	2026-10-06T09:24:28.6989468Z Version: 20260901.588
lint	Set up job	2026-10-06T09:24:28.6990027Z Commit: f88ec8081b781fac6c440065ac7ff9e710ce3d0b
lint	Set up job	2026-10-06T09:24:28.6990646Z Build Date: 2026-09-01T19:56:44Z
lint	Set up job	2026-10-06T09:24:28.6991212Z Worker ID: {ea465f5b-adc1-4f02-a1d6-6b029b815619}
lint	Set up job	2026-10-06T09:24:28.6992043Z Azure Region: mexicocentral
lint	Set up job	2026-10-06T09:24:28.6992596Z ##[endgroup]
lint	Set up job	2026-10-06T09:24:28.6993841Z ##[group]Operating System
lint	Set up job	2026-10-06T09:24:28.6994403Z Ubuntu
lint	Set up job	2026-10-06T09:24:28.6994848Z 24.04.5
lint	Set up job	2026-10-06T09:24:28.6995271Z LTS
lint	Set up job	2026-10-06T09:24:28.6995731Z ##[endgroup]
lint	Set up job	2026-10-06T09:24:28.6996208Z ##[group]Runner Image
lint	Set up job	2026-10-06T09:24:28.6996683Z Image: ubuntu-24.04
lint	Set up job	2026-10-06T09:24:28.6997196Z Version: 20260927.320.1
lint	Set up job	2026-10-06T09:24:28.6998126Z Included Software: https://github.com/actions/runner-images/blob/ubuntu24/20260927.320/images/ubuntu/Ubuntu2404-Readme.md
lint	Set up job	2026-10-06T09:24:28.6999561Z Image Release: https://github.com/actions/runner-images/releases/tag/ubuntu24%2F20260927.320
lint	Set up job	2026-10-06T09:24:28.7000338Z ##[endgroup]
lint	Set up job	2026-10-06T09:24:28.7001295Z ##[group]GITHUB_TOKEN Permissions
lint	Set up job	2026-10-06T09:24:28.7003282Z Contents: read
lint	Set up job	2026-10-06T09:24:28.7003830Z Metadata: read
lint	Set up job	2026-10-06T09:24:28.7004300Z ##[endgroup]
lint	Set up job	2026-10-06T09:24:28.7006268Z Secret source: Actions
lint	Set up job	2026-10-06T09:24:28.7007035Z Cache mode: write
lint	Set up job	2026-10-06T09:24:28.7007702Z Prepare workflow directory
lint	Set up job	2026-10-06T09:24:28.7282437Z Prepare all required actions
lint	Set up job	2026-10-06T09:24:28.7339545Z Getting action download info
lint	Set up job	2026-10-06T09:24:29.0380295Z Download action repository 'actions/checkout@3d3c42e5aac5ba805825da76410c181273ba90b1' (SHA:3d3c42e5aac5ba805825da76410c181273ba90b1)
lint	Set up job	2026-10-06T09:24:29.3289518Z Download action repository 'actions/setup-python@5fda3b95a4ea91299a34e894583c3862153e4b97' (SHA:5fda3b95a4ea91299a34e894583c3862153e4b97)
lint	Set up job	2026-10-06T09:24:29.6832781Z Complete job name: lint
lint	Run actions/checkout@3d3c42e5aac5ba805825da76410c181273ba90b1	﻿2026-10-06T09:24:29.7413438Z ##[group]Run actions/checkout@3d3c42e5aac5ba805825da76410c181273ba90b1
lint	Run actions/checkout@3d3c42e5aac5ba805825da76410c181273ba90b1	2026-10-06T09:24:29.7414269Z with:
lint	Run actions/checkout@3d3c42e5aac5ba805825da76410c181273ba90b1	2026-10-06T09:24:29.7414637Z   repository: Waddenn/cicd-fil-rouge
lint	Run actions/checkout@3d3c42e5aac5ba805825da76410c181273ba90b1	2026-10-06T09:24:29.7417696Z   token: ***
lint	Run actions/checkout@3d3c42e5aac5ba805825da76410c181273ba90b1	2026-10-06T09:24:29.7418044Z   ssh-strict: true
lint	Run actions/checkout@3d3c42e5aac5ba805825da76410c181273ba90b1	2026-10-06T09:24:29.7418395Z   ssh-user: git
lint	Run actions/checkout@3d3c42e5aac5ba805825da76410c181273ba90b1	2026-10-06T09:24:29.7418747Z   persist-credentials: true
lint	Run actions/checkout@3d3c42e5aac5ba805825da76410c181273ba90b1	2026-10-06T09:24:29.7419125Z   clean: true
lint	Run actions/checkout@3d3c42e5aac5ba805825da76410c181273ba90b1	2026-10-06T09:24:29.7419485Z   sparse-checkout-cone-mode: true
lint	Run actions/checkout@3d3c42e5aac5ba805825da76410c181273ba90b1	2026-10-06T09:24:29.7419888Z   fetch-depth: 1
lint	Run actions/checkout@3d3c42e5aac5ba805825da76410c181273ba90b1	2026-10-06T09:24:29.7420227Z   fetch-tags: false
lint	Run actions/checkout@3d3c42e5aac5ba805825da76410c181273ba90b1	2026-10-06T09:24:29.7420577Z   show-progress: true
lint	Run actions/checkout@3d3c42e5aac5ba805825da76410c181273ba90b1	2026-10-06T09:24:29.7420927Z   lfs: false
lint	Run actions/checkout@3d3c42e5aac5ba805825da76410c181273ba90b1	2026-10-06T09:24:29.7421251Z   submodules: false
lint	Run actions/checkout@3d3c42e5aac5ba805825da76410c181273ba90b1	2026-10-06T09:24:29.7421603Z   set-safe-directory: true
lint	Run actions/checkout@3d3c42e5aac5ba805825da76410c181273ba90b1	2026-10-06T09:24:29.7422208Z   allow-unsafe-pr-checkout: false
lint	Run actions/checkout@3d3c42e5aac5ba805825da76410c181273ba90b1	2026-10-06T09:24:29.7422771Z ##[endgroup]
lint	Run actions/checkout@3d3c42e5aac5ba805825da76410c181273ba90b1	2026-10-06T09:24:29.8208653Z Syncing repository: Waddenn/cicd-fil-rouge
lint	Run actions/checkout@3d3c42e5aac5ba805825da76410c181273ba90b1	2026-10-06T09:24:29.8210665Z ##[group]Getting Git version info
lint	Run actions/checkout@3d3c42e5aac5ba805825da76410c181273ba90b1	2026-10-06T09:24:29.8211936Z Working directory is '/home/runner/work/cicd-fil-rouge/cicd-fil-rouge'
lint	Run actions/checkout@3d3c42e5aac5ba805825da76410c181273ba90b1	2026-10-06T09:24:29.8213338Z [command]/usr/bin/git version
lint	Run actions/checkout@3d3c42e5aac5ba805825da76410c181273ba90b1	2026-10-06T09:24:29.8275397Z git version 2.55.0
lint	Run actions/checkout@3d3c42e5aac5ba805825da76410c181273ba90b1	2026-10-06T09:24:29.8297171Z ##[endgroup]
lint	Run actions/checkout@3d3c42e5aac5ba805825da76410c181273ba90b1	2026-10-06T09:24:29.8307219Z Temporarily overriding HOME='/home/runner/work/_temp/67cc8f05-3ef8-418f-a2f4-e8dc1365af12' before making global git config changes
lint	Run actions/checkout@3d3c42e5aac5ba805825da76410c181273ba90b1	2026-10-06T09:24:29.8312780Z Adding repository directory to the temporary git global config as a safe directory
lint	Run actions/checkout@3d3c42e5aac5ba805825da76410c181273ba90b1	2026-10-06T09:24:29.8314552Z [command]/usr/bin/git config --global --add safe.directory /home/runner/work/cicd-fil-rouge/cicd-fil-rouge
lint	Run actions/checkout@3d3c42e5aac5ba805825da76410c181273ba90b1	2026-10-06T09:24:29.8363120Z Deleting the contents of '/home/runner/work/cicd-fil-rouge/cicd-fil-rouge'
lint	Run actions/checkout@3d3c42e5aac5ba805825da76410c181273ba90b1	2026-10-06T09:24:29.8365848Z ##[group]Determining repository object format
lint	Run actions/checkout@3d3c42e5aac5ba805825da76410c181273ba90b1	2026-10-06T09:24:29.8367238Z ##[endgroup]
lint	Run actions/checkout@3d3c42e5aac5ba805825da76410c181273ba90b1	2026-10-06T09:24:29.8368110Z ##[group]Initializing the repository
lint	Run actions/checkout@3d3c42e5aac5ba805825da76410c181273ba90b1	2026-10-06T09:24:29.8370935Z [command]/usr/bin/git init /home/runner/work/cicd-fil-rouge/cicd-fil-rouge
lint	Run actions/checkout@3d3c42e5aac5ba805825da76410c181273ba90b1	2026-10-06T09:24:29.8465212Z hint: Using 'master' as the name for the initial branch. This default branch name
lint	Run actions/checkout@3d3c42e5aac5ba805825da76410c181273ba90b1	2026-10-06T09:24:29.8466122Z hint: will change to "main" in Git 3.0. To configure the initial branch name
lint	Run actions/checkout@3d3c42e5aac5ba805825da76410c181273ba90b1	2026-10-06T09:24:29.8467053Z hint: to use in all of your new repositories, which will suppress this warning,
lint	Run actions/checkout@3d3c42e5aac5ba805825da76410c181273ba90b1	2026-10-06T09:24:29.8467793Z hint: call:
lint	Run actions/checkout@3d3c42e5aac5ba805825da76410c181273ba90b1	2026-10-06T09:24:29.8468303Z hint:
lint	Run actions/checkout@3d3c42e5aac5ba805825da76410c181273ba90b1	2026-10-06T09:24:29.8468985Z hint: 	git config --global init.defaultBranch <name>
lint	Run actions/checkout@3d3c42e5aac5ba805825da76410c181273ba90b1	2026-10-06T09:24:29.8469735Z hint:
lint	Run actions/checkout@3d3c42e5aac5ba805825da76410c181273ba90b1	2026-10-06T09:24:29.8470376Z hint: Names commonly chosen instead of 'master' are 'main', 'trunk' and
lint	Run actions/checkout@3d3c42e5aac5ba805825da76410c181273ba90b1	2026-10-06T09:24:29.8471102Z hint: 'development'. The just-created branch can be renamed via this command:
lint	Run actions/checkout@3d3c42e5aac5ba805825da76410c181273ba90b1	2026-10-06T09:24:29.8471868Z hint:
lint	Run actions/checkout@3d3c42e5aac5ba805825da76410c181273ba90b1	2026-10-06T09:24:29.8472212Z hint: 	git branch -m <name>
lint	Run actions/checkout@3d3c42e5aac5ba805825da76410c181273ba90b1	2026-10-06T09:24:29.8472590Z hint:
lint	Run actions/checkout@3d3c42e5aac5ba805825da76410c181273ba90b1	2026-10-06T09:24:29.8473194Z hint: Disable this message with "git config set advice.defaultBranchName false"
lint	Run actions/checkout@3d3c42e5aac5ba805825da76410c181273ba90b1	2026-10-06T09:24:29.8474048Z Initialized empty Git repository in /home/runner/work/cicd-fil-rouge/cicd-fil-rouge/.git/
lint	Run actions/checkout@3d3c42e5aac5ba805825da76410c181273ba90b1	2026-10-06T09:24:29.8479981Z [command]/usr/bin/git remote add origin https://github.com/Waddenn/cicd-fil-rouge
lint	Run actions/checkout@3d3c42e5aac5ba805825da76410c181273ba90b1	2026-10-06T09:24:29.8525755Z ##[endgroup]
lint	Run actions/checkout@3d3c42e5aac5ba805825da76410c181273ba90b1	2026-10-06T09:24:29.8526561Z ##[group]Disabling automatic garbage collection
lint	Run actions/checkout@3d3c42e5aac5ba805825da76410c181273ba90b1	2026-10-06T09:24:29.8528738Z [command]/usr/bin/git config --local gc.auto 0
lint	Run actions/checkout@3d3c42e5aac5ba805825da76410c181273ba90b1	2026-10-06T09:24:29.8557846Z ##[endgroup]
lint	Run actions/checkout@3d3c42e5aac5ba805825da76410c181273ba90b1	2026-10-06T09:24:29.8558592Z ##[group]Setting up auth
lint	Run actions/checkout@3d3c42e5aac5ba805825da76410c181273ba90b1	2026-10-06T09:24:29.8559099Z Removing SSH command configuration
lint	Run actions/checkout@3d3c42e5aac5ba805825da76410c181273ba90b1	2026-10-06T09:24:29.8563133Z [command]/usr/bin/git config --local --name-only --get-regexp core\.sshCommand
lint	Run actions/checkout@3d3c42e5aac5ba805825da76410c181273ba90b1	2026-10-06T09:24:29.8594571Z [command]/usr/bin/git submodule foreach --recursive sh -c "git config --local --name-only --get-regexp 'core\.sshCommand' && git config --local --unset-all 'core.sshCommand' || :"
lint	Run actions/checkout@3d3c42e5aac5ba805825da76410c181273ba90b1	2026-10-06T09:24:29.8931410Z Removing HTTP extra header
lint	Run actions/checkout@3d3c42e5aac5ba805825da76410c181273ba90b1	2026-10-06T09:24:29.8937179Z [command]/usr/bin/git config --local --name-only --get-regexp http\.https\:\/\/github\.com\/\.extraheader
lint	Run actions/checkout@3d3c42e5aac5ba805825da76410c181273ba90b1	2026-10-06T09:24:29.8969353Z [command]/usr/bin/git submodule foreach --recursive sh -c "git config --local --name-only --get-regexp 'http\.https\:\/\/github\.com\/\.extraheader' && git config --local --unset-all 'http.https://github.com/.extraheader' || :"
lint	Run actions/checkout@3d3c42e5aac5ba805825da76410c181273ba90b1	2026-10-06T09:24:29.9159858Z Removing includeIf entries pointing to credentials config files
lint	Run actions/checkout@3d3c42e5aac5ba805825da76410c181273ba90b1	2026-10-06T09:24:29.9164865Z [command]/usr/bin/git config --local --name-only --get-regexp ^includeIf\.gitdir:
lint	Run actions/checkout@3d3c42e5aac5ba805825da76410c181273ba90b1	2026-10-06T09:24:29.9194172Z [command]/usr/bin/git submodule foreach --recursive git config --local --show-origin --name-only --get-regexp remote.origin.url
lint	Run actions/checkout@3d3c42e5aac5ba805825da76410c181273ba90b1	2026-10-06T09:24:29.9386214Z [command]/usr/bin/git config --file /home/runner/work/_temp/git-credentials-c7147008-0908-4952-81f0-0067d8c135d0.config http.https://github.com/.extraheader AUTHORIZATION: basic ***
lint	Run actions/checkout@3d3c42e5aac5ba805825da76410c181273ba90b1	2026-10-06T09:24:29.9418418Z [command]/usr/bin/git config --local includeIf.gitdir:/home/runner/work/cicd-fil-rouge/cicd-fil-rouge/.git.path /home/runner/work/_temp/git-credentials-c7147008-0908-4952-81f0-0067d8c135d0.config
lint	Run actions/checkout@3d3c42e5aac5ba805825da76410c181273ba90b1	2026-10-06T09:24:29.9446419Z [command]/usr/bin/git config --local includeIf.gitdir:/home/runner/work/cicd-fil-rouge/cicd-fil-rouge/.git/worktrees/*.path /home/runner/work/_temp/git-credentials-c7147008-0908-4952-81f0-0067d8c135d0.config
lint	Run actions/checkout@3d3c42e5aac5ba805825da76410c181273ba90b1	2026-10-06T09:24:29.9479863Z [command]/usr/bin/git config --local includeIf.gitdir:/github/workspace/.git.path /github/runner_temp/git-credentials-c7147008-0908-4952-81f0-0067d8c135d0.config
lint	Run actions/checkout@3d3c42e5aac5ba805825da76410c181273ba90b1	2026-10-06T09:24:29.9511301Z [command]/usr/bin/git config --local includeIf.gitdir:/github/workspace/.git/worktrees/*.path /github/runner_temp/git-credentials-c7147008-0908-4952-81f0-0067d8c135d0.config
lint	Run actions/checkout@3d3c42e5aac5ba805825da76410c181273ba90b1	2026-10-06T09:24:29.9538161Z ##[endgroup]
lint	Run actions/checkout@3d3c42e5aac5ba805825da76410c181273ba90b1	2026-10-06T09:24:29.9538777Z ##[group]Fetching the repository
lint	Run actions/checkout@3d3c42e5aac5ba805825da76410c181273ba90b1	2026-10-06T09:24:29.9543246Z [command]/usr/bin/git -c protocol.version=2 fetch --no-tags --prune --no-recurse-submodules --depth=1 origin +8cdac98ba655cdffc296c2090381fdd791ec8904:refs/remotes/origin/main
lint	Run actions/checkout@3d3c42e5aac5ba805825da76410c181273ba90b1	2026-10-06T09:24:30.4306735Z From https://github.com/Waddenn/cicd-fil-rouge
lint	Run actions/checkout@3d3c42e5aac5ba805825da76410c181273ba90b1	2026-10-06T09:24:30.4308312Z  * [new ref]         8cdac98ba655cdffc296c2090381fdd791ec8904 -> origin/main
lint	Run actions/checkout@3d3c42e5aac5ba805825da76410c181273ba90b1	2026-10-06T09:24:30.4314425Z [command]/usr/bin/git branch --list --remote origin/main
lint	Run actions/checkout@3d3c42e5aac5ba805825da76410c181273ba90b1	2026-10-06T09:24:30.4340371Z   origin/main
lint	Run actions/checkout@3d3c42e5aac5ba805825da76410c181273ba90b1	2026-10-06T09:24:30.4352495Z [command]/usr/bin/git rev-parse refs/remotes/origin/main
lint	Run actions/checkout@3d3c42e5aac5ba805825da76410c181273ba90b1	2026-10-06T09:24:30.4372050Z 8cdac98ba655cdffc296c2090381fdd791ec8904
lint	Run actions/checkout@3d3c42e5aac5ba805825da76410c181273ba90b1	2026-10-06T09:24:30.4379117Z ##[endgroup]
lint	Run actions/checkout@3d3c42e5aac5ba805825da76410c181273ba90b1	2026-10-06T09:24:30.4379764Z ##[group]Determining the checkout info
lint	Run actions/checkout@3d3c42e5aac5ba805825da76410c181273ba90b1	2026-10-06T09:24:30.4380451Z ##[endgroup]
lint	Run actions/checkout@3d3c42e5aac5ba805825da76410c181273ba90b1	2026-10-06T09:24:30.4382208Z [command]/usr/bin/git sparse-checkout disable
lint	Run actions/checkout@3d3c42e5aac5ba805825da76410c181273ba90b1	2026-10-06T09:24:30.4431729Z [command]/usr/bin/git config --local --unset-all extensions.worktreeConfig
lint	Run actions/checkout@3d3c42e5aac5ba805825da76410c181273ba90b1	2026-10-06T09:24:30.4466692Z ##[group]Checking out the ref
lint	Run actions/checkout@3d3c42e5aac5ba805825da76410c181273ba90b1	2026-10-06T09:24:30.4467988Z [command]/usr/bin/git checkout --progress --force -B main refs/remotes/origin/main
lint	Run actions/checkout@3d3c42e5aac5ba805825da76410c181273ba90b1	2026-10-06T09:24:30.4534513Z Switched to a new branch 'main'
lint	Run actions/checkout@3d3c42e5aac5ba805825da76410c181273ba90b1	2026-10-06T09:24:30.4539360Z branch 'main' set up to track 'origin/main'.
lint	Run actions/checkout@3d3c42e5aac5ba805825da76410c181273ba90b1	2026-10-06T09:24:30.4544611Z ##[endgroup]
lint	Run actions/checkout@3d3c42e5aac5ba805825da76410c181273ba90b1	2026-10-06T09:24:30.4582907Z [command]/usr/bin/git log -1 --format=%H
lint	Run actions/checkout@3d3c42e5aac5ba805825da76410c181273ba90b1	2026-10-06T09:24:30.4607458Z 8cdac98ba655cdffc296c2090381fdd791ec8904
lint	Run actions/setup-python@5fda3b95a4ea91299a34e894583c3862153e4b97	﻿2026-10-06T09:24:30.4882849Z ##[group]Run actions/setup-python@5fda3b95a4ea91299a34e894583c3862153e4b97
lint	Run actions/setup-python@5fda3b95a4ea91299a34e894583c3862153e4b97	2026-10-06T09:24:30.4883829Z with:
lint	Run actions/setup-python@5fda3b95a4ea91299a34e894583c3862153e4b97	2026-10-06T09:24:30.4884206Z   python-version: 3.13
lint	Run actions/setup-python@5fda3b95a4ea91299a34e894583c3862153e4b97	2026-10-06T09:24:30.4884657Z   cache: pip
lint	Run actions/setup-python@5fda3b95a4ea91299a34e894583c3862153e4b97	2026-10-06T09:24:30.4885279Z   cache-dependency-path: requirements.txt
lint	Run actions/setup-python@5fda3b95a4ea91299a34e894583c3862153e4b97	requirements-dev.txt
lint	Run actions/setup-python@5fda3b95a4ea91299a34e894583c3862153e4b97	
lint	Run actions/setup-python@5fda3b95a4ea91299a34e894583c3862153e4b97	2026-10-06T09:24:30.4886144Z   check-latest: false
lint	Run actions/setup-python@5fda3b95a4ea91299a34e894583c3862153e4b97	2026-10-06T09:24:30.4892953Z   token: ***
lint	Run actions/setup-python@5fda3b95a4ea91299a34e894583c3862153e4b97	2026-10-06T09:24:30.4893381Z   update-environment: true
lint	Run actions/setup-python@5fda3b95a4ea91299a34e894583c3862153e4b97	2026-10-06T09:24:30.4893931Z   allow-prereleases: false
lint	Run actions/setup-python@5fda3b95a4ea91299a34e894583c3862153e4b97	2026-10-06T09:24:30.4894436Z   freethreaded: false
lint	Run actions/setup-python@5fda3b95a4ea91299a34e894583c3862153e4b97	2026-10-06T09:24:30.4894921Z ##[endgroup]
lint	Run actions/setup-python@5fda3b95a4ea91299a34e894583c3862153e4b97	2026-10-06T09:24:30.5847828Z ##[group]Installed versions
lint	Run actions/setup-python@5fda3b95a4ea91299a34e894583c3862153e4b97	2026-10-06T09:24:30.5930674Z Successfully set up CPython (3.13.15)
lint	Run actions/setup-python@5fda3b95a4ea91299a34e894583c3862153e4b97	2026-10-06T09:24:30.5932433Z ##[endgroup]
lint	Run actions/setup-python@5fda3b95a4ea91299a34e894583c3862153e4b97	2026-10-06T09:24:30.6299469Z [command]/opt/hostedtoolcache/Python/3.13.15/x64/bin/pip cache dir
lint	Run actions/setup-python@5fda3b95a4ea91299a34e894583c3862153e4b97	2026-10-06T09:24:32.0970462Z /home/runner/.cache/pip
lint	Run actions/setup-python@5fda3b95a4ea91299a34e894583c3862153e4b97	2026-10-06T09:24:32.3335932Z Cache hit for: setup-python-Linux-x64-24.04-Ubuntu-python-3.13.15-pip-0cc5f5eab56f1237ba4586eceac9729a233f92348fa5d801507e7755cbf34434
lint	Run actions/setup-python@5fda3b95a4ea91299a34e894583c3862153e4b97	2026-10-06T09:24:33.4053919Z Received 18668724 of 18668724 (100.0%), 20.9 MBs/sec
lint	Run actions/setup-python@5fda3b95a4ea91299a34e894583c3862153e4b97	2026-10-06T09:24:33.4054556Z Cache Size: ~18 MB (18668724 B)
lint	Run actions/setup-python@5fda3b95a4ea91299a34e894583c3862153e4b97	2026-10-06T09:24:33.4153029Z [command]/usr/bin/tar -xf /home/runner/work/_temp/c8c2a5da-7c29-47a1-adca-4dfab65c4709/cache.tzst -P -C /home/runner/work/cicd-fil-rouge/cicd-fil-rouge --use-compress-program unzstd
lint	Run actions/setup-python@5fda3b95a4ea91299a34e894583c3862153e4b97	2026-10-06T09:24:33.4516038Z Cache restored successfully
lint	Run actions/setup-python@5fda3b95a4ea91299a34e894583c3862153e4b97	2026-10-06T09:24:33.4530399Z Cache restored from key: setup-python-Linux-x64-24.04-Ubuntu-python-3.13.15-pip-0cc5f5eab56f1237ba4586eceac9729a233f92348fa5d801507e7755cbf34434
lint	Run python -m pip install -r requirements-dev.txt	﻿2026-10-06T09:24:33.4672022Z ##[group]Run python -m pip install -r requirements-dev.txt
lint	Run python -m pip install -r requirements-dev.txt	2026-10-06T09:24:33.4672496Z ^[[36;1mpython -m pip install -r requirements-dev.txt^[[0m
lint	Run python -m pip install -r requirements-dev.txt	2026-10-06T09:24:33.5924798Z shell: /usr/bin/bash -e {0}
lint	Run python -m pip install -r requirements-dev.txt	2026-10-06T09:24:33.5925094Z env:
lint	Run python -m pip install -r requirements-dev.txt	2026-10-06T09:24:33.5925366Z   pythonLocation: /opt/hostedtoolcache/Python/3.13.15/x64
lint	Run python -m pip install -r requirements-dev.txt	2026-10-06T09:24:33.5925740Z   PKG_CONFIG_PATH: /opt/hostedtoolcache/Python/3.13.15/x64/lib/pkgconfig
lint	Run python -m pip install -r requirements-dev.txt	2026-10-06T09:24:33.5926098Z   Python_ROOT_DIR: /opt/hostedtoolcache/Python/3.13.15/x64
lint	Run python -m pip install -r requirements-dev.txt	2026-10-06T09:24:33.5926411Z   Python2_ROOT_DIR: /opt/hostedtoolcache/Python/3.13.15/x64
lint	Run python -m pip install -r requirements-dev.txt	2026-10-06T09:24:33.5926755Z   Python3_ROOT_DIR: /opt/hostedtoolcache/Python/3.13.15/x64
lint	Run python -m pip install -r requirements-dev.txt	2026-10-06T09:24:33.5927062Z   LD_LIBRARY_PATH: /opt/hostedtoolcache/Python/3.13.15/x64/lib
lint	Run python -m pip install -r requirements-dev.txt	2026-10-06T09:24:33.5927350Z ##[endgroup]
lint	Run python -m pip install -r requirements-dev.txt	2026-10-06T09:24:35.1336393Z Collecting fastapi==0.115.6 (from -r /home/runner/work/cicd-fil-rouge/cicd-fil-rouge/requirements.txt (line 1))
lint	Run python -m pip install -r requirements-dev.txt	2026-10-06T09:24:35.1346788Z   Using cached fastapi-0.115.6-py3-none-any.whl.metadata (27 kB)
lint	Run python -m pip install -r requirements-dev.txt	2026-10-06T09:24:35.1550048Z Collecting uvicorn==0.32.1 (from -r /home/runner/work/cicd-fil-rouge/cicd-fil-rouge/requirements.txt (line 2))
lint	Run python -m pip install -r requirements-dev.txt	2026-10-06T09:24:35.1561239Z   Using cached uvicorn-0.32.1-py3-none-any.whl.metadata (6.6 kB)
lint	Run python -m pip install -r requirements-dev.txt	2026-10-06T09:24:35.1658723Z Collecting requests==2.25.1 (from -r /home/runner/work/cicd-fil-rouge/cicd-fil-rouge/requirements.txt (line 3))
lint	Run python -m pip install -r requirements-dev.txt	2026-10-06T09:24:35.1668082Z   Using cached requests-2.25.1-py2.py3-none-any.whl.metadata (4.2 kB)
lint	Run python -m pip install -r requirements-dev.txt	2026-10-06T09:24:35.1790652Z Collecting pytest==8.3.4 (from -r requirements-dev.txt (line 2))
lint	Run python -m pip install -r requirements-dev.txt	2026-10-06T09:24:35.1799992Z   Using cached pytest-8.3.4-py3-none-any.whl.metadata (7.5 kB)
lint	Run python -m pip install -r requirements-dev.txt	2026-10-06T09:24:35.1883537Z Collecting httpx==0.28.1 (from -r requirements-dev.txt (line 3))
lint	Run python -m pip install -r requirements-dev.txt	2026-10-06T09:24:35.1892781Z   Using cached httpx-0.28.1-py3-none-any.whl.metadata (7.1 kB)
lint	Run python -m pip install -r requirements-dev.txt	2026-10-06T09:24:35.3986997Z Collecting ruff==0.8.4 (from -r requirements-dev.txt (line 4))
lint	Run python -m pip install -r requirements-dev.txt	2026-10-06T09:24:35.3998685Z   Using cached ruff-0.8.4-py3-none-manylinux_2_17_x86_64.manylinux2014_x86_64.whl.metadata (25 kB)
lint	Run python -m pip install -r requirements-dev.txt	2026-10-06T09:24:35.4119438Z Collecting starlette<0.42.0,>=0.40.0 (from fastapi==0.115.6->-r /home/runner/work/cicd-fil-rouge/cicd-fil-rouge/requirements.txt (line 1))
lint	Run python -m pip install -r requirements-dev.txt	2026-10-06T09:24:35.4129037Z   Using cached starlette-0.41.3-py3-none-any.whl.metadata (6.0 kB)
lint	Run python -m pip install -r requirements-dev.txt	2026-10-06T09:24:35.4770950Z Collecting pydantic!=1.8,!=1.8.1,!=2.0.0,!=2.0.1,!=2.1.0,<3.0.0,>=1.7.4 (from fastapi==0.115.6->-r /home/runner/work/cicd-fil-rouge/cicd-fil-rouge/requirements.txt (line 1))
lint	Run python -m pip install -r requirements-dev.txt	2026-10-06T09:24:35.4781790Z   Using cached pydantic-2.13.5-py3-none-any.whl.metadata (110 kB)
lint	Run python -m pip install -r requirements-dev.txt	2026-10-06T09:24:35.4870046Z Collecting typing-extensions>=4.8.0 (from fastapi==0.115.6->-r /home/runner/work/cicd-fil-rouge/cicd-fil-rouge/requirements.txt (line 1))
lint	Run python -m pip install -r requirements-dev.txt	2026-10-06T09:24:35.4879188Z   Using cached typing_extensions-4.16.0-py3-none-any.whl.metadata (3.3 kB)
lint	Run python -m pip install -r requirements-dev.txt	2026-10-06T09:24:35.4949470Z Collecting click>=7.0 (from uvicorn==0.32.1->-r /home/runner/work/cicd-fil-rouge/cicd-fil-rouge/requirements.txt (line 2))
lint	Run python -m pip install -r requirements-dev.txt	2026-10-06T09:24:35.4957778Z   Using cached click-8.5.0-py3-none-any.whl.metadata (2.6 kB)
lint	Run python -m pip install -r requirements-dev.txt	2026-10-06T09:24:35.4990521Z Collecting h11>=0.8 (from uvicorn==0.32.1->-r /home/runner/work/cicd-fil-rouge/cicd-fil-rouge/requirements.txt (line 2))
lint	Run python -m pip install -r requirements-dev.txt	2026-10-06T09:24:35.4998682Z   Using cached h11-0.16.0-py3-none-any.whl.metadata (8.3 kB)
lint	Run python -m pip install -r requirements-dev.txt	2026-10-06T09:24:35.5165251Z Collecting chardet<5,>=3.0.2 (from requests==2.25.1->-r /home/runner/work/cicd-fil-rouge/cicd-fil-rouge/requirements.txt (line 3))
lint	Run python -m pip install -r requirements-dev.txt	2026-10-06T09:24:35.5173679Z   Using cached chardet-4.0.0-py2.py3-none-any.whl.metadata (3.5 kB)
lint	Run python -m pip install -r requirements-dev.txt	2026-10-06T09:24:35.5219395Z Collecting idna<3,>=2.5 (from requests==2.25.1->-r /home/runner/work/cicd-fil-rouge/cicd-fil-rouge/requirements.txt (line 3))
lint	Run python -m pip install -r requirements-dev.txt	2026-10-06T09:24:35.5228007Z   Using cached idna-2.10-py2.py3-none-any.whl.metadata (9.1 kB)
lint	Run python -m pip install -r requirements-dev.txt	2026-10-06T09:24:35.5333859Z Collecting urllib3<1.27,>=1.21.1 (from requests==2.25.1->-r /home/runner/work/cicd-fil-rouge/cicd-fil-rouge/requirements.txt (line 3))
lint	Run python -m pip install -r requirements-dev.txt	2026-10-06T09:24:35.5342834Z   Using cached urllib3-1.26.20-py2.py3-none-any.whl.metadata (50 kB)
lint	Run python -m pip install -r requirements-dev.txt	2026-10-06T09:24:35.5450333Z Collecting certifi>=2017.4.17 (from requests==2.25.1->-r /home/runner/work/cicd-fil-rouge/cicd-fil-rouge/requirements.txt (line 3))
lint	Run python -m pip install -r requirements-dev.txt	2026-10-06T09:24:35.5458994Z   Using cached certifi-2026.7.22-py3-none-any.whl.metadata (2.5 kB)
lint	Run python -m pip install -r requirements-dev.txt	2026-10-06T09:24:35.5491896Z Collecting iniconfig (from pytest==8.3.4->-r requirements-dev.txt (line 2))
lint	Run python -m pip install -r requirements-dev.txt	2026-10-06T09:24:35.5500591Z   Using cached iniconfig-2.3.0-py3-none-any.whl.metadata (2.5 kB)
lint	Run python -m pip install -r requirements-dev.txt	2026-10-06T09:24:35.5566303Z Collecting packaging (from pytest==8.3.4->-r requirements-dev.txt (line 2))
lint	Run python -m pip install -r requirements-dev.txt	2026-10-06T09:24:35.5575188Z   Using cached packaging-26.3-py3-none-any.whl.metadata (3.5 kB)
lint	Run python -m pip install -r requirements-dev.txt	2026-10-06T09:24:35.5613495Z Collecting pluggy<2,>=1.5 (from pytest==8.3.4->-r requirements-dev.txt (line 2))
lint	Run python -m pip install -r requirements-dev.txt	2026-10-06T09:24:35.5622294Z   Using cached pluggy-1.6.0-py3-none-any.whl.metadata (4.8 kB)
lint	Run python -m pip install -r requirements-dev.txt	2026-10-06T09:24:35.5704833Z Collecting anyio (from httpx==0.28.1->-r requirements-dev.txt (line 3))
lint	Run python -m pip install -r requirements-dev.txt	2026-10-06T09:24:35.5713882Z   Using cached anyio-4.15.1-py3-none-any.whl.metadata (4.7 kB)
lint	Run python -m pip install -r requirements-dev.txt	2026-10-06T09:24:35.5775730Z Collecting httpcore==1.* (from httpx==0.28.1->-r requirements-dev.txt (line 3))
lint	Run python -m pip install -r requirements-dev.txt	2026-10-06T09:24:35.5784636Z   Using cached httpcore-1.0.9-py3-none-any.whl.metadata (21 kB)
lint	Run python -m pip install -r requirements-dev.txt	2026-10-06T09:24:35.5853580Z Collecting annotated-types>=0.6.0 (from pydantic!=1.8,!=1.8.1,!=2.0.0,!=2.0.1,!=2.1.0,<3.0.0,>=1.7.4->fastapi==0.115.6->-r /home/runner/work/cicd-fil-rouge/cicd-fil-rouge/requirements.txt (line 1))
lint	Run python -m pip install -r requirements-dev.txt	2026-10-06T09:24:35.5863774Z   Using cached annotated_types-0.8.0-py3-none-any.whl.metadata (15 kB)
lint	Run python -m pip install -r requirements-dev.txt	2026-10-06T09:24:36.0108426Z Collecting pydantic-core==2.46.5 (from pydantic!=1.8,!=1.8.1,!=2.0.0,!=2.0.1,!=2.1.0,<3.0.0,>=1.7.4->fastapi==0.115.6->-r /home/runner/work/cicd-fil-rouge/cicd-fil-rouge/requirements.txt (line 1))
lint	Run python -m pip install -r requirements-dev.txt	2026-10-06T09:24:36.0119671Z   Using cached pydantic_core-2.46.5-cp313-cp313-manylinux_2_17_x86_64.manylinux2014_x86_64.whl.metadata (6.6 kB)
lint	Run python -m pip install -r requirements-dev.txt	2026-10-06T09:24:36.0160313Z Collecting typing-inspection>=0.4.2 (from pydantic!=1.8,!=1.8.1,!=2.0.0,!=2.0.1,!=2.1.0,<3.0.0,>=1.7.4->fastapi==0.115.6->-r /home/runner/work/cicd-fil-rouge/cicd-fil-rouge/requirements.txt (line 1))
lint	Run python -m pip install -r requirements-dev.txt	2026-10-06T09:24:36.0169426Z   Using cached typing_inspection-0.4.4-py3-none-any.whl.metadata (2.6 kB)
lint	Run python -m pip install -r requirements-dev.txt	2026-10-06T09:24:36.0249580Z Using cached fastapi-0.115.6-py3-none-any.whl (94 kB)
lint	Run python -m pip install -r requirements-dev.txt	2026-10-06T09:24:36.0258682Z Using cached uvicorn-0.32.1-py3-none-any.whl (63 kB)
lint	Run python -m pip install -r requirements-dev.txt	2026-10-06T09:24:36.0268562Z Using cached requests-2.25.1-py2.py3-none-any.whl (61 kB)
lint	Run python -m pip install -r requirements-dev.txt	2026-10-06T09:24:36.0277848Z Using cached pytest-8.3.4-py3-none-any.whl (343 kB)
lint	Run python -m pip install -r requirements-dev.txt	2026-10-06T09:24:36.0287571Z Using cached httpx-0.28.1-py3-none-any.whl (73 kB)
lint	Run python -m pip install -r requirements-dev.txt	2026-10-06T09:24:36.0296607Z Using cached ruff-0.8.4-py3-none-manylinux_2_17_x86_64.manylinux2014_x86_64.whl (11.2 MB)
lint	Run python -m pip install -r requirements-dev.txt	2026-10-06T09:24:36.0339772Z Using cached chardet-4.0.0-py2.py3-none-any.whl (178 kB)
lint	Run python -m pip install -r requirements-dev.txt	2026-10-06T09:24:36.0349457Z Using cached httpcore-1.0.9-py3-none-any.whl (78 kB)
lint	Run python -m pip install -r requirements-dev.txt	2026-10-06T09:24:36.0358279Z Using cached idna-2.10-py2.py3-none-any.whl (58 kB)
lint	Run python -m pip install -r requirements-dev.txt	2026-10-06T09:24:36.0366931Z Using cached pluggy-1.6.0-py3-none-any.whl (20 kB)
lint	Run python -m pip install -r requirements-dev.txt	2026-10-06T09:24:36.0375596Z Using cached pydantic-2.13.5-py3-none-any.whl (472 kB)
lint	Run python -m pip install -r requirements-dev.txt	2026-10-06T09:24:36.0385994Z Using cached pydantic_core-2.46.5-cp313-cp313-manylinux_2_17_x86_64.manylinux2014_x86_64.whl (2.1 MB)
lint	Run python -m pip install -r requirements-dev.txt	2026-10-06T09:24:36.0400616Z Using cached starlette-0.41.3-py3-none-any.whl (73 kB)
lint	Run python -m pip install -r requirements-dev.txt	2026-10-06T09:24:36.0409202Z Using cached anyio-4.15.1-py3-none-any.whl (132 kB)
lint	Run python -m pip install -r requirements-dev.txt	2026-10-06T09:24:36.0418010Z Using cached urllib3-1.26.20-py2.py3-none-any.whl (144 kB)
lint	Run python -m pip install -r requirements-dev.txt	2026-10-06T09:24:36.0426911Z Using cached annotated_types-0.8.0-py3-none-any.whl (13 kB)
lint	Run python -m pip install -r requirements-dev.txt	2026-10-06T09:24:36.0436350Z Using cached certifi-2026.7.22-py3-none-any.whl (136 kB)
lint	Run python -m pip install -r requirements-dev.txt	2026-10-06T09:24:36.0446203Z Using cached click-8.5.0-py3-none-any.whl (125 kB)
lint	Run python -m pip install -r requirements-dev.txt	2026-10-06T09:24:36.0455934Z Using cached h11-0.16.0-py3-none-any.whl (37 kB)
lint	Run python -m pip install -r requirements-dev.txt	2026-10-06T09:24:36.0464383Z Using cached typing_extensions-4.16.0-py3-none-any.whl (45 kB)
lint	Run python -m pip install -r requirements-dev.txt	2026-10-06T09:24:36.0472815Z Using cached typing_inspection-0.4.4-py3-none-any.whl (14 kB)
lint	Run python -m pip install -r requirements-dev.txt	2026-10-06T09:24:36.0480549Z Using cached iniconfig-2.3.0-py3-none-any.whl (7.5 kB)
lint	Run python -m pip install -r requirements-dev.txt	2026-10-06T09:24:36.0488653Z Using cached packaging-26.3-py3-none-any.whl (129 kB)
lint	Run python -m pip install -r requirements-dev.txt	2026-10-06T09:24:36.5410313Z Installing collected packages: urllib3, typing-extensions, ruff, pluggy, packaging, iniconfig, idna, h11, click, chardet, certifi, annotated-types, uvicorn, typing-inspection, requests, pytest, pydantic-core, httpcore, anyio, starlette, pydantic, httpx, fastapi
lint	Run python -m pip install -r requirements-dev.txt	2026-10-06T09:24:38.2331503Z 
lint	Run python -m pip install -r requirements-dev.txt	2026-10-06T09:24:38.2353029Z Successfully installed annotated-types-0.8.0 anyio-4.15.1 certifi-2026.7.22 chardet-4.0.0 click-8.5.0 fastapi-0.115.6 h11-0.16.0 httpcore-1.0.9 httpx-0.28.1 idna-2.10 iniconfig-2.3.0 packaging-26.3 pluggy-1.6.0 pydantic-2.13.5 pydantic-core-2.46.5 pytest-8.3.4 requests-2.25.1 ruff-0.8.4 starlette-0.41.3 typing-extensions-4.16.0 typing-inspection-0.4.4 urllib3-1.26.20 uvicorn-0.32.1
lint	Run ruff check .	﻿2026-10-06T09:24:38.3180568Z ##[group]Run ruff check .
lint	Run ruff check .	2026-10-06T09:24:38.3180986Z ^[[36;1mruff check .^[[0m
lint	Run ruff check .	2026-10-06T09:24:38.3238995Z shell: /usr/bin/bash -e {0}
lint	Run ruff check .	2026-10-06T09:24:38.3239211Z env:
lint	Run ruff check .	2026-10-06T09:24:38.3239453Z   pythonLocation: /opt/hostedtoolcache/Python/3.13.15/x64
lint	Run ruff check .	2026-10-06T09:24:38.3239804Z   PKG_CONFIG_PATH: /opt/hostedtoolcache/Python/3.13.15/x64/lib/pkgconfig
lint	Run ruff check .	2026-10-06T09:24:38.3240144Z   Python_ROOT_DIR: /opt/hostedtoolcache/Python/3.13.15/x64
lint	Run ruff check .	2026-10-06T09:24:38.3240451Z   Python2_ROOT_DIR: /opt/hostedtoolcache/Python/3.13.15/x64
lint	Run ruff check .	2026-10-06T09:24:38.3240748Z   Python3_ROOT_DIR: /opt/hostedtoolcache/Python/3.13.15/x64
lint	Run ruff check .	2026-10-06T09:24:38.3241055Z   LD_LIBRARY_PATH: /opt/hostedtoolcache/Python/3.13.15/x64/lib
lint	Run ruff check .	2026-10-06T09:24:38.3241316Z ##[endgroup]
lint	Run ruff check .	2026-10-06T09:24:38.3373640Z All checks passed!
lint	Run ruff format --check .	﻿2026-10-06T09:24:38.3403606Z ##[group]Run ruff format --check .
lint	Run ruff format --check .	2026-10-06T09:24:38.3403858Z ^[[36;1mruff format --check .^[[0m
lint	Run ruff format --check .	2026-10-06T09:24:38.3457531Z shell: /usr/bin/bash -e {0}
lint	Run ruff format --check .	2026-10-06T09:24:38.3457746Z env:
lint	Run ruff format --check .	2026-10-06T09:24:38.3457982Z   pythonLocation: /opt/hostedtoolcache/Python/3.13.15/x64
lint	Run ruff format --check .	2026-10-06T09:24:38.3458348Z   PKG_CONFIG_PATH: /opt/hostedtoolcache/Python/3.13.15/x64/lib/pkgconfig
lint	Run ruff format --check .	2026-10-06T09:24:38.3458689Z   Python_ROOT_DIR: /opt/hostedtoolcache/Python/3.13.15/x64
lint	Run ruff format --check .	2026-10-06T09:24:38.3458996Z   Python2_ROOT_DIR: /opt/hostedtoolcache/Python/3.13.15/x64
lint	Run ruff format --check .	2026-10-06T09:24:38.3459305Z   Python3_ROOT_DIR: /opt/hostedtoolcache/Python/3.13.15/x64
lint	Run ruff format --check .	2026-10-06T09:24:38.3459603Z   LD_LIBRARY_PATH: /opt/hostedtoolcache/Python/3.13.15/x64/lib
lint	Run ruff format --check .	2026-10-06T09:24:38.3459860Z ##[endgroup]
lint	Run ruff format --check .	2026-10-06T09:24:38.3587126Z 9 files already formatted
lint	Post Run actions/setup-python@5fda3b95a4ea91299a34e894583c3862153e4b97	﻿2026-10-06T09:24:38.3676636Z Post job cleanup.
lint	Post Run actions/setup-python@5fda3b95a4ea91299a34e894583c3862153e4b97	2026-10-06T09:24:38.4588462Z Cache hit occurred on the primary key setup-python-Linux-x64-24.04-Ubuntu-python-3.13.15-pip-0cc5f5eab56f1237ba4586eceac9729a233f92348fa5d801507e7755cbf34434, not saving cache.
lint	Post Run actions/checkout@3d3c42e5aac5ba805825da76410c181273ba90b1	﻿2026-10-06T09:24:38.4712066Z Post job cleanup.
lint	Post Run actions/checkout@3d3c42e5aac5ba805825da76410c181273ba90b1	2026-10-06T09:24:38.5363278Z [command]/usr/bin/git version
lint	Post Run actions/checkout@3d3c42e5aac5ba805825da76410c181273ba90b1	2026-10-06T09:24:38.5407719Z git version 2.55.0
lint	Post Run actions/checkout@3d3c42e5aac5ba805825da76410c181273ba90b1	2026-10-06T09:24:38.5437934Z Temporarily overriding HOME='/home/runner/work/_temp/cefe35f6-60a0-4fcc-b396-a4417e337ec3' before making global git config changes
lint	Post Run actions/checkout@3d3c42e5aac5ba805825da76410c181273ba90b1	2026-10-06T09:24:38.5438680Z Adding repository directory to the temporary git global config as a safe directory
lint	Post Run actions/checkout@3d3c42e5aac5ba805825da76410c181273ba90b1	2026-10-06T09:24:38.5442476Z [command]/usr/bin/git config --global --add safe.directory /home/runner/work/cicd-fil-rouge/cicd-fil-rouge
lint	Post Run actions/checkout@3d3c42e5aac5ba805825da76410c181273ba90b1	2026-10-06T09:24:38.5472343Z Removing SSH command configuration
lint	Post Run actions/checkout@3d3c42e5aac5ba805825da76410c181273ba90b1	2026-10-06T09:24:38.5477137Z [command]/usr/bin/git config --local --name-only --get-regexp core\.sshCommand
lint	Post Run actions/checkout@3d3c42e5aac5ba805825da76410c181273ba90b1	2026-10-06T09:24:38.5507312Z [command]/usr/bin/git submodule foreach --recursive sh -c "git config --local --name-only --get-regexp 'core\.sshCommand' && git config --local --unset-all 'core.sshCommand' || :"
lint	Post Run actions/checkout@3d3c42e5aac5ba805825da76410c181273ba90b1	2026-10-06T09:24:38.5801515Z Removing HTTP extra header
lint	Post Run actions/checkout@3d3c42e5aac5ba805825da76410c181273ba90b1	2026-10-06T09:24:38.5812326Z [command]/usr/bin/git config --local --name-only --get-regexp http\.https\:\/\/github\.com\/\.extraheader
lint	Post Run actions/checkout@3d3c42e5aac5ba805825da76410c181273ba90b1	2026-10-06T09:24:38.5849234Z [command]/usr/bin/git submodule foreach --recursive sh -c "git config --local --name-only --get-regexp 'http\.https\:\/\/github\.com\/\.extraheader' && git config --local --unset-all 'http.https://github.com/.extraheader' || :"
lint	Post Run actions/checkout@3d3c42e5aac5ba805825da76410c181273ba90b1	2026-10-06T09:24:38.6094207Z Removing includeIf entries pointing to credentials config files
lint	Post Run actions/checkout@3d3c42e5aac5ba805825da76410c181273ba90b1	2026-10-06T09:24:38.6106465Z [command]/usr/bin/git config --local --name-only --get-regexp ^includeIf\.gitdir:
lint	Post Run actions/checkout@3d3c42e5aac5ba805825da76410c181273ba90b1	2026-10-06T09:24:38.6172328Z includeif.gitdir:/home/runner/work/cicd-fil-rouge/cicd-fil-rouge/.git.path
lint	Post Run actions/checkout@3d3c42e5aac5ba805825da76410c181273ba90b1	2026-10-06T09:24:38.6180496Z includeif.gitdir:/home/runner/work/cicd-fil-rouge/cicd-fil-rouge/.git/worktrees/*.path
lint	Post Run actions/checkout@3d3c42e5aac5ba805825da76410c181273ba90b1	2026-10-06T09:24:38.6181071Z includeif.gitdir:/github/workspace/.git.path
lint	Post Run actions/checkout@3d3c42e5aac5ba805825da76410c181273ba90b1	2026-10-06T09:24:38.6181480Z includeif.gitdir:/github/workspace/.git/worktrees/*.path
lint	Post Run actions/checkout@3d3c42e5aac5ba805825da76410c181273ba90b1	2026-10-06T09:24:38.6183125Z [command]/usr/bin/git config --local --get-all includeif.gitdir:/home/runner/work/cicd-fil-rouge/cicd-fil-rouge/.git.path
lint	Post Run actions/checkout@3d3c42e5aac5ba805825da76410c181273ba90b1	2026-10-06T09:24:38.6211545Z /home/runner/work/_temp/git-credentials-c7147008-0908-4952-81f0-0067d8c135d0.config
lint	Post Run actions/checkout@3d3c42e5aac5ba805825da76410c181273ba90b1	2026-10-06T09:24:38.6219928Z [command]/usr/bin/git config --local --unset includeif.gitdir:/home/runner/work/cicd-fil-rouge/cicd-fil-rouge/.git.path \/home\/runner\/work\/_temp\/git\-credentials\-c7147008\-0908\-4952\-81f0\-0067d8c135d0\.config
lint	Post Run actions/checkout@3d3c42e5aac5ba805825da76410c181273ba90b1	2026-10-06T09:24:38.6282742Z [command]/usr/bin/git config --local --get-all includeif.gitdir:/home/runner/work/cicd-fil-rouge/cicd-fil-rouge/.git/worktrees/*.path
lint	Post Run actions/checkout@3d3c42e5aac5ba805825da76410c181273ba90b1	2026-10-06T09:24:38.6307800Z /home/runner/work/_temp/git-credentials-c7147008-0908-4952-81f0-0067d8c135d0.config
lint	Post Run actions/checkout@3d3c42e5aac5ba805825da76410c181273ba90b1	2026-10-06T09:24:38.6314539Z [command]/usr/bin/git config --local --unset includeif.gitdir:/home/runner/work/cicd-fil-rouge/cicd-fil-rouge/.git/worktrees/*.path \/home\/runner\/work\/_temp\/git\-credentials\-c7147008\-0908\-4952\-81f0\-0067d8c135d0\.config
lint	Post Run actions/checkout@3d3c42e5aac5ba805825da76410c181273ba90b1	2026-10-06T09:24:38.6879180Z [command]/usr/bin/git config --local --get-all includeif.gitdir:/github/workspace/.git.path
lint	Post Run actions/checkout@3d3c42e5aac5ba805825da76410c181273ba90b1	2026-10-06T09:24:38.6904503Z /github/runner_temp/git-credentials-c7147008-0908-4952-81f0-0067d8c135d0.config
lint	Post Run actions/checkout@3d3c42e5aac5ba805825da76410c181273ba90b1	2026-10-06T09:24:38.6910292Z [command]/usr/bin/git config --local --unset includeif.gitdir:/github/workspace/.git.path \/github\/runner_temp\/git\-credentials\-c7147008\-0908\-4952\-81f0\-0067d8c135d0\.config
lint	Post Run actions/checkout@3d3c42e5aac5ba805825da76410c181273ba90b1	2026-10-06T09:24:38.6942080Z [command]/usr/bin/git config --local --get-all includeif.gitdir:/github/workspace/.git/worktrees/*.path
lint	Post Run actions/checkout@3d3c42e5aac5ba805825da76410c181273ba90b1	2026-10-06T09:24:38.6964222Z /github/runner_temp/git-credentials-c7147008-0908-4952-81f0-0067d8c135d0.config
lint	Post Run actions/checkout@3d3c42e5aac5ba805825da76410c181273ba90b1	2026-10-06T09:24:38.6970818Z [command]/usr/bin/git config --local --unset includeif.gitdir:/github/workspace/.git/worktrees/*.path \/github\/runner_temp\/git\-credentials\-c7147008\-0908\-4952\-81f0\-0067d8c135d0\.config
lint	Post Run actions/checkout@3d3c42e5aac5ba805825da76410c181273ba90b1	2026-10-06T09:24:38.7005527Z [command]/usr/bin/git submodule foreach --recursive git config --local --show-origin --name-only --get-regexp remote.origin.url
lint	Post Run actions/checkout@3d3c42e5aac5ba805825da76410c181273ba90b1	2026-10-06T09:24:38.7198945Z Removing credentials config '/home/runner/work/_temp/git-credentials-c7147008-0908-4952-81f0-0067d8c135d0.config'
lint	Complete job	﻿2026-10-06T09:24:38.7322671Z Cleaning up orphan processes
test (Python 3.11)	Set up job	﻿2026-10-06T09:24:36.2726120Z Current runner version: '2.337.0'
test (Python 3.11)	Set up job	2026-10-06T09:24:36.2751876Z ##[group]Runner Image Provisioner
test (Python 3.11)	Set up job	2026-10-06T09:24:36.2752955Z Hosted Compute Agent
test (Python 3.11)	Set up job	2026-10-06T09:24:36.2753569Z Version: 20260901.588
test (Python 3.11)	Set up job	2026-10-06T09:24:36.2754252Z Commit: f88ec8081b781fac6c440065ac7ff9e710ce3d0b
test (Python 3.11)	Set up job	2026-10-06T09:24:36.2755020Z Build Date: 2026-09-01T19:56:44Z
test (Python 3.11)	Set up job	2026-10-06T09:24:36.2755723Z Worker ID: {b3886352-2288-4a97-ab18-bf643067677e}
test (Python 3.11)	Set up job	2026-10-06T09:24:36.2756548Z Azure Region: westus
test (Python 3.11)	Set up job	2026-10-06T09:24:36.2757130Z ##[endgroup]
test (Python 3.11)	Set up job	2026-10-06T09:24:36.2759045Z ##[group]Operating System
test (Python 3.11)	Set up job	2026-10-06T09:24:36.2759739Z Ubuntu
test (Python 3.11)	Set up job	2026-10-06T09:24:36.2760271Z 24.04.5
test (Python 3.11)	Set up job	2026-10-06T09:24:36.2760879Z LTS
test (Python 3.11)	Set up job	2026-10-06T09:24:36.2761399Z ##[endgroup]
test (Python 3.11)	Set up job	2026-10-06T09:24:36.2761934Z ##[group]Runner Image
test (Python 3.11)	Set up job	2026-10-06T09:24:36.2762603Z Image: ubuntu-24.04
test (Python 3.11)	Set up job	2026-10-06T09:24:36.2763178Z Version: 20260927.320.1
test (Python 3.11)	Set up job	2026-10-06T09:24:36.2764347Z Included Software: https://github.com/actions/runner-images/blob/ubuntu24/20260927.320/images/ubuntu/Ubuntu2404-Readme.md
test (Python 3.11)	Set up job	2026-10-06T09:24:36.2766083Z Image Release: https://github.com/actions/runner-images/releases/tag/ubuntu24%2F20260927.320
test (Python 3.11)	Set up job	2026-10-06T09:24:36.2767134Z ##[endgroup]
test (Python 3.11)	Set up job	2026-10-06T09:24:36.2768789Z ##[group]GITHUB_TOKEN Permissions
test (Python 3.11)	Set up job	2026-10-06T09:24:36.2771006Z Contents: read
test (Python 3.11)	Set up job	2026-10-06T09:24:36.2771642Z Metadata: read
test (Python 3.11)	Set up job	2026-10-06T09:24:36.2772288Z ##[endgroup]
test (Python 3.11)	Set up job	2026-10-06T09:24:36.2774319Z Secret source: Actions
test (Python 3.11)	Set up job	2026-10-06T09:24:36.2775384Z Cache mode: write
test (Python 3.11)	Set up job	2026-10-06T09:24:36.2776155Z Prepare workflow directory
test (Python 3.11)	Set up job	2026-10-06T09:24:36.3113640Z Prepare all required actions
test (Python 3.11)	Set up job	2026-10-06T09:24:36.3163670Z Getting action download info
test (Python 3.11)	Set up job	2026-10-06T09:24:36.7100629Z Download action repository 'actions/checkout@3d3c42e5aac5ba805825da76410c181273ba90b1' (SHA:3d3c42e5aac5ba805825da76410c181273ba90b1)
test (Python 3.11)	Set up job	2026-10-06T09:24:36.8466654Z Download action repository 'actions/setup-python@5fda3b95a4ea91299a34e894583c3862153e4b97' (SHA:5fda3b95a4ea91299a34e894583c3862153e4b97)
test (Python 3.11)	Set up job	2026-10-06T09:24:36.9227078Z Download action repository 'actions/upload-artifact@ea165f8d65b6e75b540449e92b4886f43607fa02' (SHA:ea165f8d65b6e75b540449e92b4886f43607fa02)
test (Python 3.11)	Set up job	2026-10-06T09:24:37.1395097Z Complete job name: test (Python 3.11)
test (Python 3.11)	Run actions/checkout@3d3c42e5aac5ba805825da76410c181273ba90b1	﻿2026-10-06T09:24:37.2256452Z ##[group]Run actions/checkout@3d3c42e5aac5ba805825da76410c181273ba90b1
test (Python 3.11)	Run actions/checkout@3d3c42e5aac5ba805825da76410c181273ba90b1	2026-10-06T09:24:37.2257561Z with:
test (Python 3.11)	Run actions/checkout@3d3c42e5aac5ba805825da76410c181273ba90b1	2026-10-06T09:24:37.2258320Z   repository: Waddenn/cicd-fil-rouge
test (Python 3.11)	Run actions/checkout@3d3c42e5aac5ba805825da76410c181273ba90b1	2026-10-06T09:24:37.2262152Z   token: ***
test (Python 3.11)	Run actions/checkout@3d3c42e5aac5ba805825da76410c181273ba90b1	2026-10-06T09:24:37.2262599Z   ssh-strict: true
test (Python 3.11)	Run actions/checkout@3d3c42e5aac5ba805825da76410c181273ba90b1	2026-10-06T09:24:37.2263047Z   ssh-user: git
test (Python 3.11)	Run actions/checkout@3d3c42e5aac5ba805825da76410c181273ba90b1	2026-10-06T09:24:37.2263498Z   persist-credentials: true
test (Python 3.11)	Run actions/checkout@3d3c42e5aac5ba805825da76410c181273ba90b1	2026-10-06T09:24:37.2264115Z   clean: true
test (Python 3.11)	Run actions/checkout@3d3c42e5aac5ba805825da76410c181273ba90b1	2026-10-06T09:24:37.2264902Z   sparse-checkout-cone-mode: true
test (Python 3.11)	Run actions/checkout@3d3c42e5aac5ba805825da76410c181273ba90b1	2026-10-06T09:24:37.2265769Z   fetch-depth: 1
test (Python 3.11)	Run actions/checkout@3d3c42e5aac5ba805825da76410c181273ba90b1	2026-10-06T09:24:37.2266577Z   fetch-tags: false
test (Python 3.11)	Run actions/checkout@3d3c42e5aac5ba805825da76410c181273ba90b1	2026-10-06T09:24:37.2267375Z   show-progress: true
test (Python 3.11)	Run actions/checkout@3d3c42e5aac5ba805825da76410c181273ba90b1	2026-10-06T09:24:37.2268447Z   lfs: false
test (Python 3.11)	Run actions/checkout@3d3c42e5aac5ba805825da76410c181273ba90b1	2026-10-06T09:24:37.2269161Z   submodules: false
test (Python 3.11)	Run actions/checkout@3d3c42e5aac5ba805825da76410c181273ba90b1	2026-10-06T09:24:37.2269648Z   set-safe-directory: true
test (Python 3.11)	Run actions/checkout@3d3c42e5aac5ba805825da76410c181273ba90b1	2026-10-06T09:24:37.2270169Z   allow-unsafe-pr-checkout: false
test (Python 3.11)	Run actions/checkout@3d3c42e5aac5ba805825da76410c181273ba90b1	2026-10-06T09:24:37.2271110Z ##[endgroup]
test (Python 3.11)	Run actions/checkout@3d3c42e5aac5ba805825da76410c181273ba90b1	2026-10-06T09:24:37.3265441Z Syncing repository: Waddenn/cicd-fil-rouge
test (Python 3.11)	Run actions/checkout@3d3c42e5aac5ba805825da76410c181273ba90b1	2026-10-06T09:24:37.3268281Z ##[group]Getting Git version info
test (Python 3.11)	Run actions/checkout@3d3c42e5aac5ba805825da76410c181273ba90b1	2026-10-06T09:24:37.3269648Z Working directory is '/home/runner/work/cicd-fil-rouge/cicd-fil-rouge'
test (Python 3.11)	Run actions/checkout@3d3c42e5aac5ba805825da76410c181273ba90b1	2026-10-06T09:24:37.3271479Z [command]/usr/bin/git version
test (Python 3.11)	Run actions/checkout@3d3c42e5aac5ba805825da76410c181273ba90b1	2026-10-06T09:24:37.3355584Z git version 2.55.0
test (Python 3.11)	Run actions/checkout@3d3c42e5aac5ba805825da76410c181273ba90b1	2026-10-06T09:24:37.3388445Z ##[endgroup]
test (Python 3.11)	Run actions/checkout@3d3c42e5aac5ba805825da76410c181273ba90b1	2026-10-06T09:24:37.3396019Z Temporarily overriding HOME='/home/runner/work/_temp/6e86f91a-9f63-49f5-9cbf-0a8350693559' before making global git config changes
test (Python 3.11)	Run actions/checkout@3d3c42e5aac5ba805825da76410c181273ba90b1	2026-10-06T09:24:37.3398913Z Adding repository directory to the temporary git global config as a safe directory
test (Python 3.11)	Run actions/checkout@3d3c42e5aac5ba805825da76410c181273ba90b1	2026-10-06T09:24:37.3411206Z [command]/usr/bin/git config --global --add safe.directory /home/runner/work/cicd-fil-rouge/cicd-fil-rouge
test (Python 3.11)	Run actions/checkout@3d3c42e5aac5ba805825da76410c181273ba90b1	2026-10-06T09:24:37.3490809Z Deleting the contents of '/home/runner/work/cicd-fil-rouge/cicd-fil-rouge'
test (Python 3.11)	Run actions/checkout@3d3c42e5aac5ba805825da76410c181273ba90b1	2026-10-06T09:24:37.3492920Z ##[group]Determining repository object format
test (Python 3.11)	Run actions/checkout@3d3c42e5aac5ba805825da76410c181273ba90b1	2026-10-06T09:24:37.3494965Z ##[endgroup]
test (Python 3.11)	Run actions/checkout@3d3c42e5aac5ba805825da76410c181273ba90b1	2026-10-06T09:24:37.3496522Z ##[group]Initializing the repository
test (Python 3.11)	Run actions/checkout@3d3c42e5aac5ba805825da76410c181273ba90b1	2026-10-06T09:24:37.3516938Z [command]/usr/bin/git init /home/runner/work/cicd-fil-rouge/cicd-fil-rouge
test (Python 3.11)	Run actions/checkout@3d3c42e5aac5ba805825da76410c181273ba90b1	2026-10-06T09:24:37.3660445Z hint: Using 'master' as the name for the initial branch. This default branch name
test (Python 3.11)	Run actions/checkout@3d3c42e5aac5ba805825da76410c181273ba90b1	2026-10-06T09:24:37.3678736Z hint: will change to "main" in Git 3.0. To configure the initial branch name
test (Python 3.11)	Run actions/checkout@3d3c42e5aac5ba805825da76410c181273ba90b1	2026-10-06T09:24:37.3690100Z hint: to use in all of your new repositories, which will suppress this warning,
test (Python 3.11)	Run actions/checkout@3d3c42e5aac5ba805825da76410c181273ba90b1	2026-10-06T09:24:37.3691522Z hint: call:
test (Python 3.11)	Run actions/checkout@3d3c42e5aac5ba805825da76410c181273ba90b1	2026-10-06T09:24:37.3691965Z hint:
test (Python 3.11)	Run actions/checkout@3d3c42e5aac5ba805825da76410c181273ba90b1	2026-10-06T09:24:37.3692539Z hint: 	git config --global init.defaultBranch <name>
test (Python 3.11)	Run actions/checkout@3d3c42e5aac5ba805825da76410c181273ba90b1	2026-10-06T09:24:37.3693252Z hint:
test (Python 3.11)	Run actions/checkout@3d3c42e5aac5ba805825da76410c181273ba90b1	2026-10-06T09:24:37.3693830Z hint: Names commonly chosen instead of 'master' are 'main', 'trunk' and
test (Python 3.11)	Run actions/checkout@3d3c42e5aac5ba805825da76410c181273ba90b1	2026-10-06T09:24:37.3694760Z hint: 'development'. The just-created branch can be renamed via this command:
test (Python 3.11)	Run actions/checkout@3d3c42e5aac5ba805825da76410c181273ba90b1	2026-10-06T09:24:37.3695496Z hint:
test (Python 3.11)	Run actions/checkout@3d3c42e5aac5ba805825da76410c181273ba90b1	2026-10-06T09:24:37.3695906Z hint: 	git branch -m <name>
test (Python 3.11)	Run actions/checkout@3d3c42e5aac5ba805825da76410c181273ba90b1	2026-10-06T09:24:37.3696424Z hint:
test (Python 3.11)	Run actions/checkout@3d3c42e5aac5ba805825da76410c181273ba90b1	2026-10-06T09:24:37.3697041Z hint: Disable this message with "git config set advice.defaultBranchName false"
test (Python 3.11)	Run actions/checkout@3d3c42e5aac5ba805825da76410c181273ba90b1	2026-10-06T09:24:37.3699021Z Initialized empty Git repository in /home/runner/work/cicd-fil-rouge/cicd-fil-rouge/.git/
test (Python 3.11)	Run actions/checkout@3d3c42e5aac5ba805825da76410c181273ba90b1	2026-10-06T09:24:37.3701564Z [command]/usr/bin/git remote add origin https://github.com/Waddenn/cicd-fil-rouge
test (Python 3.11)	Run actions/checkout@3d3c42e5aac5ba805825da76410c181273ba90b1	2026-10-06T09:24:37.3798038Z ##[endgroup]
test (Python 3.11)	Run actions/checkout@3d3c42e5aac5ba805825da76410c181273ba90b1	2026-10-06T09:24:37.3799362Z ##[group]Disabling automatic garbage collection
test (Python 3.11)	Run actions/checkout@3d3c42e5aac5ba805825da76410c181273ba90b1	2026-10-06T09:24:37.3802228Z [command]/usr/bin/git config --local gc.auto 0
test (Python 3.11)	Run actions/checkout@3d3c42e5aac5ba805825da76410c181273ba90b1	2026-10-06T09:24:37.3847707Z ##[endgroup]
test (Python 3.11)	Run actions/checkout@3d3c42e5aac5ba805825da76410c181273ba90b1	2026-10-06T09:24:37.3849453Z ##[group]Setting up auth
test (Python 3.11)	Run actions/checkout@3d3c42e5aac5ba805825da76410c181273ba90b1	2026-10-06T09:24:37.3850652Z Removing SSH command configuration
test (Python 3.11)	Run actions/checkout@3d3c42e5aac5ba805825da76410c181273ba90b1	2026-10-06T09:24:37.3857142Z [command]/usr/bin/git config --local --name-only --get-regexp core\.sshCommand
test (Python 3.11)	Run actions/checkout@3d3c42e5aac5ba805825da76410c181273ba90b1	2026-10-06T09:24:37.3909865Z [command]/usr/bin/git submodule foreach --recursive sh -c "git config --local --name-only --get-regexp 'core\.sshCommand' && git config --local --unset-all 'core.sshCommand' || :"
test (Python 3.11)	Run actions/checkout@3d3c42e5aac5ba805825da76410c181273ba90b1	2026-10-06T09:24:37.4320675Z Removing HTTP extra header
test (Python 3.11)	Run actions/checkout@3d3c42e5aac5ba805825da76410c181273ba90b1	2026-10-06T09:24:37.4327510Z [command]/usr/bin/git config --local --name-only --get-regexp http\.https\:\/\/github\.com\/\.extraheader
test (Python 3.11)	Run actions/checkout@3d3c42e5aac5ba805825da76410c181273ba90b1	2026-10-06T09:24:37.4365195Z [command]/usr/bin/git submodule foreach --recursive sh -c "git config --local --name-only --get-regexp 'http\.https\:\/\/github\.com\/\.extraheader' && git config --local --unset-all 'http.https://github.com/.extraheader' || :"
test (Python 3.11)	Run actions/checkout@3d3c42e5aac5ba805825da76410c181273ba90b1	2026-10-06T09:24:37.4593096Z Removing includeIf entries pointing to credentials config files
test (Python 3.11)	Run actions/checkout@3d3c42e5aac5ba805825da76410c181273ba90b1	2026-10-06T09:24:37.4598600Z [command]/usr/bin/git config --local --name-only --get-regexp ^includeIf\.gitdir:
test (Python 3.11)	Run actions/checkout@3d3c42e5aac5ba805825da76410c181273ba90b1	2026-10-06T09:24:37.4635906Z [command]/usr/bin/git submodule foreach --recursive git config --local --show-origin --name-only --get-regexp remote.origin.url
test (Python 3.11)	Run actions/checkout@3d3c42e5aac5ba805825da76410c181273ba90b1	2026-10-06T09:24:37.4881147Z [command]/usr/bin/git config --file /home/runner/work/_temp/git-credentials-e9fb6fbb-4978-4402-8894-921fa0f6f118.config http.https://github.com/.extraheader AUTHORIZATION: basic ***
test (Python 3.11)	Run actions/checkout@3d3c42e5aac5ba805825da76410c181273ba90b1	2026-10-06T09:24:37.4922831Z [command]/usr/bin/git config --local includeIf.gitdir:/home/runner/work/cicd-fil-rouge/cicd-fil-rouge/.git.path /home/runner/work/_temp/git-credentials-e9fb6fbb-4978-4402-8894-921fa0f6f118.config
test (Python 3.11)	Run actions/checkout@3d3c42e5aac5ba805825da76410c181273ba90b1	2026-10-06T09:24:37.4957698Z [command]/usr/bin/git config --local includeIf.gitdir:/home/runner/work/cicd-fil-rouge/cicd-fil-rouge/.git/worktrees/*.path /home/runner/work/_temp/git-credentials-e9fb6fbb-4978-4402-8894-921fa0f6f118.config
test (Python 3.11)	Run actions/checkout@3d3c42e5aac5ba805825da76410c181273ba90b1	2026-10-06T09:24:37.4995810Z [command]/usr/bin/git config --local includeIf.gitdir:/github/workspace/.git.path /github/runner_temp/git-credentials-e9fb6fbb-4978-4402-8894-921fa0f6f118.config
test (Python 3.11)	Run actions/checkout@3d3c42e5aac5ba805825da76410c181273ba90b1	2026-10-06T09:24:37.5043515Z [command]/usr/bin/git config --local includeIf.gitdir:/github/workspace/.git/worktrees/*.path /github/runner_temp/git-credentials-e9fb6fbb-4978-4402-8894-921fa0f6f118.config
test (Python 3.11)	Run actions/checkout@3d3c42e5aac5ba805825da76410c181273ba90b1	2026-10-06T09:24:37.5074453Z ##[endgroup]
test (Python 3.11)	Run actions/checkout@3d3c42e5aac5ba805825da76410c181273ba90b1	2026-10-06T09:24:37.5075215Z ##[group]Fetching the repository
test (Python 3.11)	Run actions/checkout@3d3c42e5aac5ba805825da76410c181273ba90b1	2026-10-06T09:24:37.5082841Z [command]/usr/bin/git -c protocol.version=2 fetch --no-tags --prune --no-recurse-submodules --depth=1 origin +8cdac98ba655cdffc296c2090381fdd791ec8904:refs/remotes/origin/main
test (Python 3.11)	Run actions/checkout@3d3c42e5aac5ba805825da76410c181273ba90b1	2026-10-06T09:24:37.9589836Z From https://github.com/Waddenn/cicd-fil-rouge
test (Python 3.11)	Run actions/checkout@3d3c42e5aac5ba805825da76410c181273ba90b1	2026-10-06T09:24:37.9591008Z  * [new ref]         8cdac98ba655cdffc296c2090381fdd791ec8904 -> origin/main
test (Python 3.11)	Run actions/checkout@3d3c42e5aac5ba805825da76410c181273ba90b1	2026-10-06T09:24:37.9599586Z [command]/usr/bin/git branch --list --remote origin/main
test (Python 3.11)	Run actions/checkout@3d3c42e5aac5ba805825da76410c181273ba90b1	2026-10-06T09:24:37.9628559Z   origin/main
test (Python 3.11)	Run actions/checkout@3d3c42e5aac5ba805825da76410c181273ba90b1	2026-10-06T09:24:37.9636433Z [command]/usr/bin/git rev-parse refs/remotes/origin/main
test (Python 3.11)	Run actions/checkout@3d3c42e5aac5ba805825da76410c181273ba90b1	2026-10-06T09:24:37.9663842Z 8cdac98ba655cdffc296c2090381fdd791ec8904
test (Python 3.11)	Run actions/checkout@3d3c42e5aac5ba805825da76410c181273ba90b1	2026-10-06T09:24:37.9668590Z ##[endgroup]
test (Python 3.11)	Run actions/checkout@3d3c42e5aac5ba805825da76410c181273ba90b1	2026-10-06T09:24:37.9669564Z ##[group]Determining the checkout info
test (Python 3.11)	Run actions/checkout@3d3c42e5aac5ba805825da76410c181273ba90b1	2026-10-06T09:24:37.9670443Z ##[endgroup]
test (Python 3.11)	Run actions/checkout@3d3c42e5aac5ba805825da76410c181273ba90b1	2026-10-06T09:24:37.9673200Z [command]/usr/bin/git sparse-checkout disable
test (Python 3.11)	Run actions/checkout@3d3c42e5aac5ba805825da76410c181273ba90b1	2026-10-06T09:24:37.9727454Z [command]/usr/bin/git config --local --unset-all extensions.worktreeConfig
test (Python 3.11)	Run actions/checkout@3d3c42e5aac5ba805825da76410c181273ba90b1	2026-10-06T09:24:37.9762338Z ##[group]Checking out the ref
test (Python 3.11)	Run actions/checkout@3d3c42e5aac5ba805825da76410c181273ba90b1	2026-10-06T09:24:37.9766026Z [command]/usr/bin/git checkout --progress --force -B main refs/remotes/origin/main
test (Python 3.11)	Run actions/checkout@3d3c42e5aac5ba805825da76410c181273ba90b1	2026-10-06T09:24:37.9849391Z Switched to a new branch 'main'
test (Python 3.11)	Run actions/checkout@3d3c42e5aac5ba805825da76410c181273ba90b1	2026-10-06T09:24:37.9854462Z branch 'main' set up to track 'origin/main'.
test (Python 3.11)	Run actions/checkout@3d3c42e5aac5ba805825da76410c181273ba90b1	2026-10-06T09:24:37.9862989Z ##[endgroup]
test (Python 3.11)	Run actions/checkout@3d3c42e5aac5ba805825da76410c181273ba90b1	2026-10-06T09:24:37.9912960Z [command]/usr/bin/git log -1 --format=%H
test (Python 3.11)	Run actions/checkout@3d3c42e5aac5ba805825da76410c181273ba90b1	2026-10-06T09:24:37.9943910Z 8cdac98ba655cdffc296c2090381fdd791ec8904
test (Python 3.11)	Run actions/setup-python@5fda3b95a4ea91299a34e894583c3862153e4b97	﻿2026-10-06T09:24:38.0245219Z ##[group]Run actions/setup-python@5fda3b95a4ea91299a34e894583c3862153e4b97
test (Python 3.11)	Run actions/setup-python@5fda3b95a4ea91299a34e894583c3862153e4b97	2026-10-06T09:24:38.0246097Z with:
test (Python 3.11)	Run actions/setup-python@5fda3b95a4ea91299a34e894583c3862153e4b97	2026-10-06T09:24:38.0246516Z   python-version: 3.11
test (Python 3.11)	Run actions/setup-python@5fda3b95a4ea91299a34e894583c3862153e4b97	2026-10-06T09:24:38.0246988Z   cache: pip
test (Python 3.11)	Run actions/setup-python@5fda3b95a4ea91299a34e894583c3862153e4b97	2026-10-06T09:24:38.0247570Z   cache-dependency-path: requirements.txt
test (Python 3.11)	Run actions/setup-python@5fda3b95a4ea91299a34e894583c3862153e4b97	requirements-dev.txt
test (Python 3.11)	Run actions/setup-python@5fda3b95a4ea91299a34e894583c3862153e4b97	
test (Python 3.11)	Run actions/setup-python@5fda3b95a4ea91299a34e894583c3862153e4b97	2026-10-06T09:24:38.0248640Z   check-latest: false
test (Python 3.11)	Run actions/setup-python@5fda3b95a4ea91299a34e894583c3862153e4b97	2026-10-06T09:24:38.0318936Z   token: ***
test (Python 3.11)	Run actions/setup-python@5fda3b95a4ea91299a34e894583c3862153e4b97	2026-10-06T09:24:38.0319616Z   update-environment: true
test (Python 3.11)	Run actions/setup-python@5fda3b95a4ea91299a34e894583c3862153e4b97	2026-10-06T09:24:38.0320207Z   allow-prereleases: false
test (Python 3.11)	Run actions/setup-python@5fda3b95a4ea91299a34e894583c3862153e4b97	2026-10-06T09:24:38.0320777Z   freethreaded: false
test (Python 3.11)	Run actions/setup-python@5fda3b95a4ea91299a34e894583c3862153e4b97	2026-10-06T09:24:38.0321241Z ##[endgroup]
test (Python 3.11)	Run actions/setup-python@5fda3b95a4ea91299a34e894583c3862153e4b97	2026-10-06T09:24:38.1531996Z ##[group]Installed versions
test (Python 3.11)	Run actions/setup-python@5fda3b95a4ea91299a34e894583c3862153e4b97	2026-10-06T09:24:38.1613107Z Successfully set up CPython (3.11.16)
test (Python 3.11)	Run actions/setup-python@5fda3b95a4ea91299a34e894583c3862153e4b97	2026-10-06T09:24:38.1614204Z ##[endgroup]
test (Python 3.11)	Run actions/setup-python@5fda3b95a4ea91299a34e894583c3862153e4b97	2026-10-06T09:24:38.1975070Z [command]/opt/hostedtoolcache/Python/3.11.16/x64/bin/pip cache dir
test (Python 3.11)	Run actions/setup-python@5fda3b95a4ea91299a34e894583c3862153e4b97	2026-10-06T09:24:38.5044932Z /home/runner/.cache/pip
test (Python 3.11)	Run actions/setup-python@5fda3b95a4ea91299a34e894583c3862153e4b97	2026-10-06T09:24:38.7943981Z Cache hit for: setup-python-Linux-x64-24.04-Ubuntu-python-3.11.16-pip-0cc5f5eab56f1237ba4586eceac9729a233f92348fa5d801507e7755cbf34434
test (Python 3.11)	Run actions/setup-python@5fda3b95a4ea91299a34e894583c3862153e4b97	2026-10-06T09:24:40.0714260Z Received 1884904 of 18662120 (10.1%), 1.8 MBs/sec
test (Python 3.11)	Run actions/setup-python@5fda3b95a4ea91299a34e894583c3862153e4b97	2026-10-06T09:24:40.2011582Z Received 18662120 of 18662120 (100.0%), 15.7 MBs/sec
test (Python 3.11)	Run actions/setup-python@5fda3b95a4ea91299a34e894583c3862153e4b97	2026-10-06T09:24:40.2012691Z Cache Size: ~18 MB (18662120 B)
test (Python 3.11)	Run actions/setup-python@5fda3b95a4ea91299a34e894583c3862153e4b97	2026-10-06T09:24:40.2131124Z [command]/usr/bin/tar -xf /home/runner/work/_temp/e3955942-1122-462a-8660-54d155f94b2f/cache.tzst -P -C /home/runner/work/cicd-fil-rouge/cicd-fil-rouge --use-compress-program unzstd
test (Python 3.11)	Run actions/setup-python@5fda3b95a4ea91299a34e894583c3862153e4b97	2026-10-06T09:24:40.2642277Z Cache restored successfully
test (Python 3.11)	Run actions/setup-python@5fda3b95a4ea91299a34e894583c3862153e4b97	2026-10-06T09:24:40.2659318Z Cache restored from key: setup-python-Linux-x64-24.04-Ubuntu-python-3.11.16-pip-0cc5f5eab56f1237ba4586eceac9729a233f92348fa5d801507e7755cbf34434
test (Python 3.11)	Installer les dépendances	﻿2026-10-06T09:24:40.2828455Z ##[group]Run started=$SECONDS
test (Python 3.11)	Installer les dépendances	2026-10-06T09:24:40.2828869Z ^[[36;1mstarted=$SECONDS^[[0m
test (Python 3.11)	Installer les dépendances	2026-10-06T09:24:40.2829234Z ^[[36;1mpython -m pip install -r requirements-dev.txt^[[0m
test (Python 3.11)	Installer les dépendances	2026-10-06T09:24:40.2829767Z ^[[36;1mecho "Installation Python 3.11 : $((SECONDS - started)) s" >> "$GITHUB_STEP_SUMMARY"^[[0m
test (Python 3.11)	Installer les dépendances	2026-10-06T09:24:40.3129992Z shell: /usr/bin/bash -e {0}
test (Python 3.11)	Installer les dépendances	2026-10-06T09:24:40.3130428Z env:
test (Python 3.11)	Installer les dépendances	2026-10-06T09:24:40.3130825Z   pythonLocation: /opt/hostedtoolcache/Python/3.11.16/x64
test (Python 3.11)	Installer les dépendances	2026-10-06T09:24:40.3131529Z   PKG_CONFIG_PATH: /opt/hostedtoolcache/Python/3.11.16/x64/lib/pkgconfig
test (Python 3.11)	Installer les dépendances	2026-10-06T09:24:40.3132196Z   Python_ROOT_DIR: /opt/hostedtoolcache/Python/3.11.16/x64
test (Python 3.11)	Installer les dépendances	2026-10-06T09:24:40.3132778Z   Python2_ROOT_DIR: /opt/hostedtoolcache/Python/3.11.16/x64
test (Python 3.11)	Installer les dépendances	2026-10-06T09:24:40.3133374Z   Python3_ROOT_DIR: /opt/hostedtoolcache/Python/3.11.16/x64
test (Python 3.11)	Installer les dépendances	2026-10-06T09:24:40.3134267Z   LD_LIBRARY_PATH: /opt/hostedtoolcache/Python/3.11.16/x64/lib
test (Python 3.11)	Installer les dépendances	2026-10-06T09:24:40.3134770Z ##[endgroup]
test (Python 3.11)	Installer les dépendances	2026-10-06T09:24:40.9029776Z Collecting fastapi==0.115.6 (from -r /home/runner/work/cicd-fil-rouge/cicd-fil-rouge/requirements.txt (line 1))
test (Python 3.11)	Installer les dépendances	2026-10-06T09:24:40.9047141Z   Using cached fastapi-0.115.6-py3-none-any.whl.metadata (27 kB)
test (Python 3.11)	Installer les dépendances	2026-10-06T09:24:40.9219361Z Collecting uvicorn==0.32.1 (from -r /home/runner/work/cicd-fil-rouge/cicd-fil-rouge/requirements.txt (line 2))
test (Python 3.11)	Installer les dépendances	2026-10-06T09:24:40.9237134Z   Using cached uvicorn-0.32.1-py3-none-any.whl.metadata (6.6 kB)
test (Python 3.11)	Installer les dépendances	2026-10-06T09:24:40.9465522Z Collecting requests==2.25.1 (from -r /home/runner/work/cicd-fil-rouge/cicd-fil-rouge/requirements.txt (line 3))
test (Python 3.11)	Installer les dépendances	2026-10-06T09:24:40.9481911Z   Using cached requests-2.25.1-py2.py3-none-any.whl.metadata (4.2 kB)
test (Python 3.11)	Installer les dépendances	2026-10-06T09:24:40.9653753Z Collecting pytest==8.3.4 (from -r requirements-dev.txt (line 2))
test (Python 3.11)	Installer les dépendances	2026-10-06T09:24:40.9670903Z   Using cached pytest-8.3.4-py3-none-any.whl.metadata (7.5 kB)
test (Python 3.11)	Installer les dépendances	2026-10-06T09:24:40.9767079Z Collecting httpx==0.28.1 (from -r requirements-dev.txt (line 3))
test (Python 3.11)	Installer les dépendances	2026-10-06T09:24:40.9786147Z   Using cached httpx-0.28.1-py3-none-any.whl.metadata (7.1 kB)
test (Python 3.11)	Installer les dépendances	2026-10-06T09:24:41.2725876Z Collecting ruff==0.8.4 (from -r requirements-dev.txt (line 4))
test (Python 3.11)	Installer les dépendances	2026-10-06T09:24:41.2743973Z   Using cached ruff-0.8.4-py3-none-manylinux_2_17_x86_64.manylinux2014_x86_64.whl.metadata (25 kB)
test (Python 3.11)	Installer les dépendances	2026-10-06T09:24:41.2912711Z Collecting starlette<0.42.0,>=0.40.0 (from fastapi==0.115.6->-r /home/runner/work/cicd-fil-rouge/cicd-fil-rouge/requirements.txt (line 1))
test (Python 3.11)	Installer les dépendances	2026-10-06T09:24:41.2929902Z   Using cached starlette-0.41.3-py3-none-any.whl.metadata (6.0 kB)
test (Python 3.11)	Installer les dépendances	2026-10-06T09:24:41.4026822Z Collecting pydantic!=1.8,!=1.8.1,!=2.0.0,!=2.0.1,!=2.1.0,<3.0.0,>=1.7.4 (from fastapi==0.115.6->-r /home/runner/work/cicd-fil-rouge/cicd-fil-rouge/requirements.txt (line 1))
test (Python 3.11)	Installer les dépendances	2026-10-06T09:24:41.4044165Z   Using cached pydantic-2.13.5-py3-none-any.whl.metadata (110 kB)
test (Python 3.11)	Installer les dépendances	2026-10-06T09:24:41.4162710Z Collecting typing-extensions>=4.8.0 (from fastapi==0.115.6->-r /home/runner/work/cicd-fil-rouge/cicd-fil-rouge/requirements.txt (line 1))
test (Python 3.11)	Installer les dépendances	2026-10-06T09:24:41.4177487Z   Using cached typing_extensions-4.16.0-py3-none-any.whl.metadata (3.3 kB)
test (Python 3.11)	Installer les dépendances	2026-10-06T09:24:41.4273919Z Collecting click>=7.0 (from uvicorn==0.32.1->-r /home/runner/work/cicd-fil-rouge/cicd-fil-rouge/requirements.txt (line 2))
test (Python 3.11)	Installer les dépendances	2026-10-06T09:24:41.4288829Z   Using cached click-8.5.0-py3-none-any.whl.metadata (2.6 kB)
test (Python 3.11)	Installer les dépendances	2026-10-06T09:24:41.4336010Z Collecting h11>=0.8 (from uvicorn==0.32.1->-r /home/runner/work/cicd-fil-rouge/cicd-fil-rouge/requirements.txt (line 2))
test (Python 3.11)	Installer les dépendances	2026-10-06T09:24:41.4352755Z   Using cached h11-0.16.0-py3-none-any.whl.metadata (8.3 kB)
test (Python 3.11)	Installer les dépendances	2026-10-06T09:24:41.4593723Z Collecting chardet<5,>=3.0.2 (from requests==2.25.1->-r /home/runner/work/cicd-fil-rouge/cicd-fil-rouge/requirements.txt (line 3))
test (Python 3.11)	Installer les dépendances	2026-10-06T09:24:41.4608219Z   Using cached chardet-4.0.0-py2.py3-none-any.whl.metadata (3.5 kB)
test (Python 3.11)	Installer les dépendances	2026-10-06T09:24:41.4673919Z Collecting idna<3,>=2.5 (from requests==2.25.1->-r /home/runner/work/cicd-fil-rouge/cicd-fil-rouge/requirements.txt (line 3))
test (Python 3.11)	Installer les dépendances	2026-10-06T09:24:41.4687253Z   Using cached idna-2.10-py2.py3-none-any.whl.metadata (9.1 kB)
test (Python 3.11)	Installer les dépendances	2026-10-06T09:24:41.4819523Z Collecting urllib3<1.27,>=1.21.1 (from requests==2.25.1->-r /home/runner/work/cicd-fil-rouge/cicd-fil-rouge/requirements.txt (line 3))
test (Python 3.11)	Installer les dépendances	2026-10-06T09:24:41.4833582Z   Using cached urllib3-1.26.20-py2.py3-none-any.whl.metadata (50 kB)
test (Python 3.11)	Installer les dépendances	2026-10-06T09:24:41.4976231Z Collecting certifi>=2017.4.17 (from requests==2.25.1->-r /home/runner/work/cicd-fil-rouge/cicd-fil-rouge/requirements.txt (line 3))
test (Python 3.11)	Installer les dépendances	2026-10-06T09:24:41.4990893Z   Using cached certifi-2026.7.22-py3-none-any.whl.metadata (2.5 kB)
test (Python 3.11)	Installer les dépendances	2026-10-06T09:24:41.5036549Z Collecting iniconfig (from pytest==8.3.4->-r requirements-dev.txt (line 2))
test (Python 3.11)	Installer les dépendances	2026-10-06T09:24:41.5050851Z   Using cached iniconfig-2.3.0-py3-none-any.whl.metadata (2.5 kB)
test (Python 3.11)	Installer les dépendances	2026-10-06T09:24:41.5141530Z Collecting packaging (from pytest==8.3.4->-r requirements-dev.txt (line 2))
test (Python 3.11)	Installer les dépendances	2026-10-06T09:24:41.5156756Z   Using cached packaging-26.3-py3-none-any.whl.metadata (3.5 kB)
test (Python 3.11)	Installer les dépendances	2026-10-06T09:24:41.5210629Z Collecting pluggy<2,>=1.5 (from pytest==8.3.4->-r requirements-dev.txt (line 2))
test (Python 3.11)	Installer les dépendances	2026-10-06T09:24:41.5224511Z   Using cached pluggy-1.6.0-py3-none-any.whl.metadata (4.8 kB)
test (Python 3.11)	Installer les dépendances	2026-10-06T09:24:41.5352879Z Collecting anyio (from httpx==0.28.1->-r requirements-dev.txt (line 3))
test (Python 3.11)	Installer les dépendances	2026-10-06T09:24:41.5368335Z   Using cached anyio-4.15.1-py3-none-any.whl.metadata (4.7 kB)
test (Python 3.11)	Installer les dépendances	2026-10-06T09:24:41.5457022Z Collecting httpcore==1.* (from httpx==0.28.1->-r requirements-dev.txt (line 3))
test (Python 3.11)	Installer les dépendances	2026-10-06T09:24:41.5471249Z   Using cached httpcore-1.0.9-py3-none-any.whl.metadata (21 kB)
test (Python 3.11)	Installer les dépendances	2026-10-06T09:24:41.5551425Z Collecting annotated-types>=0.6.0 (from pydantic!=1.8,!=1.8.1,!=2.0.0,!=2.0.1,!=2.1.0,<3.0.0,>=1.7.4->fastapi==0.115.6->-r /home/runner/work/cicd-fil-rouge/cicd-fil-rouge/requirements.txt (line 1))
test (Python 3.11)	Installer les dépendances	2026-10-06T09:24:41.5564431Z   Using cached annotated_types-0.8.0-py3-none-any.whl.metadata (15 kB)
test (Python 3.11)	Installer les dépendances	2026-10-06T09:24:42.1630972Z Collecting pydantic-core==2.46.5 (from pydantic!=1.8,!=1.8.1,!=2.0.0,!=2.0.1,!=2.1.0,<3.0.0,>=1.7.4->fastapi==0.115.6->-r /home/runner/work/cicd-fil-rouge/cicd-fil-rouge/requirements.txt (line 1))
test (Python 3.11)	Installer les dépendances	2026-10-06T09:24:42.1646773Z   Using cached pydantic_core-2.46.5-cp311-cp311-manylinux_2_17_x86_64.manylinux2014_x86_64.whl.metadata (6.6 kB)
test (Python 3.11)	Installer les dépendances	2026-10-06T09:24:42.1698276Z Collecting typing-inspection>=0.4.2 (from pydantic!=1.8,!=1.8.1,!=2.0.0,!=2.0.1,!=2.1.0,<3.0.0,>=1.7.4->fastapi==0.115.6->-r /home/runner/work/cicd-fil-rouge/cicd-fil-rouge/requirements.txt (line 1))
test (Python 3.11)	Installer les dépendances	2026-10-06T09:24:42.1711896Z   Using cached typing_inspection-0.4.4-py3-none-any.whl.metadata (2.6 kB)
test (Python 3.11)	Installer les dépendances	2026-10-06T09:24:42.1819489Z Using cached fastapi-0.115.6-py3-none-any.whl (94 kB)
test (Python 3.11)	Installer les dépendances	2026-10-06T09:24:42.1833716Z Using cached uvicorn-0.32.1-py3-none-any.whl (63 kB)
test (Python 3.11)	Installer les dépendances	2026-10-06T09:24:42.1848041Z Using cached requests-2.25.1-py2.py3-none-any.whl (61 kB)
test (Python 3.11)	Installer les dépendances	2026-10-06T09:24:42.1862228Z Using cached pytest-8.3.4-py3-none-any.whl (343 kB)
test (Python 3.11)	Installer les dépendances	2026-10-06T09:24:42.1877333Z Using cached httpx-0.28.1-py3-none-any.whl (73 kB)
test (Python 3.11)	Installer les dépendances	2026-10-06T09:24:42.1891918Z Using cached ruff-0.8.4-py3-none-manylinux_2_17_x86_64.manylinux2014_x86_64.whl (11.2 MB)
test (Python 3.11)	Installer les dépendances	2026-10-06T09:24:42.1949375Z Using cached chardet-4.0.0-py2.py3-none-any.whl (178 kB)
test (Python 3.11)	Installer les dépendances	2026-10-06T09:24:42.1963498Z Using cached httpcore-1.0.9-py3-none-any.whl (78 kB)
test (Python 3.11)	Installer les dépendances	2026-10-06T09:24:42.1977288Z Using cached idna-2.10-py2.py3-none-any.whl (58 kB)
test (Python 3.11)	Installer les dépendances	2026-10-06T09:24:42.1991343Z Using cached pluggy-1.6.0-py3-none-any.whl (20 kB)
test (Python 3.11)	Installer les dépendances	2026-10-06T09:24:42.2005423Z Using cached pydantic-2.13.5-py3-none-any.whl (472 kB)
test (Python 3.11)	Installer les dépendances	2026-10-06T09:24:42.2021447Z Using cached pydantic_core-2.46.5-cp311-cp311-manylinux_2_17_x86_64.manylinux2014_x86_64.whl (2.1 MB)
test (Python 3.11)	Installer les dépendances	2026-10-06T09:24:42.2042869Z Using cached starlette-0.41.3-py3-none-any.whl (73 kB)
test (Python 3.11)	Installer les dépendances	2026-10-06T09:24:42.2056698Z Using cached anyio-4.15.1-py3-none-any.whl (132 kB)
test (Python 3.11)	Installer les dépendances	2026-10-06T09:24:42.2071137Z Using cached urllib3-1.26.20-py2.py3-none-any.whl (144 kB)
test (Python 3.11)	Installer les dépendances	2026-10-06T09:24:42.2085199Z Using cached annotated_types-0.8.0-py3-none-any.whl (13 kB)
test (Python 3.11)	Installer les dépendances	2026-10-06T09:24:42.2099259Z Using cached certifi-2026.7.22-py3-none-any.whl (136 kB)
test (Python 3.11)	Installer les dépendances	2026-10-06T09:24:42.2113293Z Using cached click-8.5.0-py3-none-any.whl (125 kB)
test (Python 3.11)	Installer les dépendances	2026-10-06T09:24:42.2127568Z Using cached h11-0.16.0-py3-none-any.whl (37 kB)
test (Python 3.11)	Installer les dépendances	2026-10-06T09:24:42.2141910Z Using cached typing_extensions-4.16.0-py3-none-any.whl (45 kB)
test (Python 3.11)	Installer les dépendances	2026-10-06T09:24:42.2155925Z Using cached typing_inspection-0.4.4-py3-none-any.whl (14 kB)
test (Python 3.11)	Installer les dépendances	2026-10-06T09:24:42.2169898Z Using cached iniconfig-2.3.0-py3-none-any.whl (7.5 kB)
test (Python 3.11)	Installer les dépendances	2026-10-06T09:24:42.2183336Z Using cached packaging-26.3-py3-none-any.whl (129 kB)
test (Python 3.11)	Installer les dépendances	2026-10-06T09:24:42.3665006Z Installing collected packages: urllib3, typing-extensions, ruff, pluggy, packaging, iniconfig, idna, h11, click, chardet, certifi, annotated-types, uvicorn, typing-inspection, requests, pytest, pydantic-core, httpcore, anyio, starlette, pydantic, httpx, fastapi
test (Python 3.11)	Installer les dépendances	2026-10-06T09:24:43.9016587Z 
test (Python 3.11)	Installer les dépendances	2026-10-06T09:24:43.9033430Z Successfully installed annotated-types-0.8.0 anyio-4.15.1 certifi-2026.7.22 chardet-4.0.0 click-8.5.0 fastapi-0.115.6 h11-0.16.0 httpcore-1.0.9 httpx-0.28.1 idna-2.10 iniconfig-2.3.0 packaging-26.3 pluggy-1.6.0 pydantic-2.13.5 pydantic-core-2.46.5 pytest-8.3.4 requests-2.25.1 ruff-0.8.4 starlette-0.41.3 typing-extensions-4.16.0 typing-inspection-0.4.4 urllib3-1.26.20 uvicorn-0.32.1
test (Python 3.11)	Run python -m pytest --junitxml=reports/junit.xml	﻿2026-10-06T09:24:43.9991179Z ##[group]Run python -m pytest --junitxml=reports/junit.xml
test (Python 3.11)	Run python -m pytest --junitxml=reports/junit.xml	2026-10-06T09:24:43.9991645Z ^[[36;1mpython -m pytest --junitxml=reports/junit.xml^[[0m
test (Python 3.11)	Run python -m pytest --junitxml=reports/junit.xml	2026-10-06T09:24:44.0056461Z shell: /usr/bin/bash -e {0}
test (Python 3.11)	Run python -m pytest --junitxml=reports/junit.xml	2026-10-06T09:24:44.0056742Z env:
test (Python 3.11)	Run python -m pytest --junitxml=reports/junit.xml	2026-10-06T09:24:44.0057041Z   pythonLocation: /opt/hostedtoolcache/Python/3.11.16/x64
test (Python 3.11)	Run python -m pytest --junitxml=reports/junit.xml	2026-10-06T09:24:44.0057546Z   PKG_CONFIG_PATH: /opt/hostedtoolcache/Python/3.11.16/x64/lib/pkgconfig
test (Python 3.11)	Run python -m pytest --junitxml=reports/junit.xml	2026-10-06T09:24:44.0058185Z   Python_ROOT_DIR: /opt/hostedtoolcache/Python/3.11.16/x64
test (Python 3.11)	Run python -m pytest --junitxml=reports/junit.xml	2026-10-06T09:24:44.0058635Z   Python2_ROOT_DIR: /opt/hostedtoolcache/Python/3.11.16/x64
test (Python 3.11)	Run python -m pytest --junitxml=reports/junit.xml	2026-10-06T09:24:44.0059075Z   Python3_ROOT_DIR: /opt/hostedtoolcache/Python/3.11.16/x64
test (Python 3.11)	Run python -m pytest --junitxml=reports/junit.xml	2026-10-06T09:24:44.0059528Z   LD_LIBRARY_PATH: /opt/hostedtoolcache/Python/3.11.16/x64/lib
test (Python 3.11)	Run python -m pytest --junitxml=reports/junit.xml	2026-10-06T09:24:44.0059927Z ##[endgroup]
test (Python 3.11)	Run python -m pytest --junitxml=reports/junit.xml	2026-10-06T09:24:44.7954111Z ============================= test session starts ==============================
test (Python 3.11)	Run python -m pytest --junitxml=reports/junit.xml	2026-10-06T09:24:44.7955256Z platform linux -- Python 3.11.16, pytest-8.3.4, pluggy-1.6.0
test (Python 3.11)	Run python -m pytest --junitxml=reports/junit.xml	2026-10-06T09:24:44.7956107Z rootdir: /home/runner/work/cicd-fil-rouge/cicd-fil-rouge
test (Python 3.11)	Run python -m pytest --junitxml=reports/junit.xml	2026-10-06T09:24:44.7956737Z configfile: pyproject.toml
test (Python 3.11)	Run python -m pytest --junitxml=reports/junit.xml	2026-10-06T09:24:44.7957172Z testpaths: tests
test (Python 3.11)	Run python -m pytest --junitxml=reports/junit.xml	2026-10-06T09:24:44.7957560Z plugins: anyio-4.15.1
test (Python 3.11)	Run python -m pytest --junitxml=reports/junit.xml	2026-10-06T09:24:44.7958308Z collected 9 items
test (Python 3.11)	Run python -m pytest --junitxml=reports/junit.xml	2026-10-06T09:24:44.7958538Z 
test (Python 3.11)	Run python -m pytest --junitxml=reports/junit.xml	2026-10-06T09:24:44.8220556Z tests/test_health.py .                                                   [ 11%]
test (Python 3.11)	Run python -m pytest --junitxml=reports/junit.xml	2026-10-06T09:24:44.8844089Z tests/test_tasks.py ........                                             [100%]
test (Python 3.11)	Run python -m pytest --junitxml=reports/junit.xml	2026-10-06T09:24:44.8844654Z 
test (Python 3.11)	Run python -m pytest --junitxml=reports/junit.xml	2026-10-06T09:24:44.8844929Z =============================== warnings summary ===============================
test (Python 3.11)	Run python -m pytest --junitxml=reports/junit.xml	2026-10-06T09:24:44.8846159Z ../../../../../opt/hostedtoolcache/Python/3.11.16/x64/lib/python3.11/site-packages/starlette/testclient.py:40
test (Python 3.11)	Run python -m pytest --junitxml=reports/junit.xml	2026-10-06T09:24:44.8848521Z   /opt/hostedtoolcache/Python/3.11.16/x64/lib/python3.11/site-packages/starlette/testclient.py:40: DeprecationWarning: The anyio.abc.BlockingPortal alias is deprecated, use anyio.from_thread.BlockingPortal instead.
test (Python 3.11)	Run python -m pytest --junitxml=reports/junit.xml	2026-10-06T09:24:44.8850393Z     _PortalFactoryType = typing.Callable[[], typing.ContextManager[anyio.abc.BlockingPortal]]
test (Python 3.11)	Run python -m pytest --junitxml=reports/junit.xml	2026-10-06T09:24:44.8851034Z 
test (Python 3.11)	Run python -m pytest --junitxml=reports/junit.xml	2026-10-06T09:24:44.8851382Z -- Docs: https://docs.pytest.org/en/stable/how-to/capture-warnings.html
test (Python 3.11)	Run python -m pytest --junitxml=reports/junit.xml	2026-10-06T09:24:44.8852293Z - generated xml file: /home/runner/work/cicd-fil-rouge/cicd-fil-rouge/reports/junit.xml -
test (Python 3.11)	Run python -m pytest --junitxml=reports/junit.xml	2026-10-06T09:24:44.8853137Z ========================= 9 passed, 1 warning in 0.10s =========================
test (Python 3.11)	Conserver le rapport de tests	﻿2026-10-06T09:24:44.9446124Z ##[group]Run actions/upload-artifact@ea165f8d65b6e75b540449e92b4886f43607fa02
test (Python 3.11)	Conserver le rapport de tests	2026-10-06T09:24:44.9446582Z with:
test (Python 3.11)	Conserver le rapport de tests	2026-10-06T09:24:44.9446804Z   name: pytest-3.11
test (Python 3.11)	Conserver le rapport de tests	2026-10-06T09:24:44.9447036Z   path: reports/junit.xml
test (Python 3.11)	Conserver le rapport de tests	2026-10-06T09:24:44.9447281Z   if-no-files-found: error
test (Python 3.11)	Conserver le rapport de tests	2026-10-06T09:24:44.9447517Z   retention-days: 14
test (Python 3.11)	Conserver le rapport de tests	2026-10-06T09:24:44.9447733Z   compression-level: 6
test (Python 3.11)	Conserver le rapport de tests	2026-10-06T09:24:44.9448290Z   overwrite: false
test (Python 3.11)	Conserver le rapport de tests	2026-10-06T09:24:44.9448521Z   include-hidden-files: false
test (Python 3.11)	Conserver le rapport de tests	2026-10-06T09:24:44.9448760Z env:
test (Python 3.11)	Conserver le rapport de tests	2026-10-06T09:24:44.9449022Z   pythonLocation: /opt/hostedtoolcache/Python/3.11.16/x64
test (Python 3.11)	Conserver le rapport de tests	2026-10-06T09:24:44.9449483Z   PKG_CONFIG_PATH: /opt/hostedtoolcache/Python/3.11.16/x64/lib/pkgconfig
test (Python 3.11)	Conserver le rapport de tests	2026-10-06T09:24:44.9449922Z   Python_ROOT_DIR: /opt/hostedtoolcache/Python/3.11.16/x64
test (Python 3.11)	Conserver le rapport de tests	2026-10-06T09:24:44.9450310Z   Python2_ROOT_DIR: /opt/hostedtoolcache/Python/3.11.16/x64
test (Python 3.11)	Conserver le rapport de tests	2026-10-06T09:24:44.9450703Z   Python3_ROOT_DIR: /opt/hostedtoolcache/Python/3.11.16/x64
test (Python 3.11)	Conserver le rapport de tests	2026-10-06T09:24:44.9451106Z   LD_LIBRARY_PATH: /opt/hostedtoolcache/Python/3.11.16/x64/lib
test (Python 3.11)	Conserver le rapport de tests	2026-10-06T09:24:44.9451469Z ##[endgroup]
test (Python 3.11)	Conserver le rapport de tests	2026-10-06T09:24:45.1119090Z (node:2404) [DEP0040] DeprecationWarning: The `punycode` module is deprecated. Please use a userland alternative instead.
test (Python 3.11)	Conserver le rapport de tests	2026-10-06T09:24:45.1121277Z (Use `node --trace-deprecation ...` to show where the warning was created)
test (Python 3.11)	Conserver le rapport de tests	2026-10-06T09:24:45.1194384Z With the provided path, there will be 1 file uploaded
test (Python 3.11)	Conserver le rapport de tests	2026-10-06T09:24:45.1235809Z Artifact name is valid!
test (Python 3.11)	Conserver le rapport de tests	2026-10-06T09:24:45.1249366Z Root directory input is valid!
test (Python 3.11)	Conserver le rapport de tests	2026-10-06T09:24:45.5035535Z Beginning upload of artifact content to blob storage
test (Python 3.11)	Conserver le rapport de tests	2026-10-06T09:24:45.5221230Z (node:2404) [DEP0169] DeprecationWarning: `url.parse()` behavior is not standardized and prone to errors that have security implications. Use the WHATWG URL API instead. CVEs are not issued for `url.parse()` vulnerabilities.
test (Python 3.11)	Conserver le rapport de tests	2026-10-06T09:24:45.7955683Z Uploaded bytes 447
test (Python 3.11)	Conserver le rapport de tests	2026-10-06T09:24:45.8731185Z Finished uploading artifact content to blob storage!
test (Python 3.11)	Conserver le rapport de tests	2026-10-06T09:24:45.8732457Z SHA256 digest of uploaded artifact zip is 6a3b85adf255ec6e5bfe2c1195a359e7969887d5506d0eeaf300e2d24b8a8e75
test (Python 3.11)	Conserver le rapport de tests	2026-10-06T09:24:45.8733557Z Finalizing artifact upload
test (Python 3.11)	Conserver le rapport de tests	2026-10-06T09:24:46.1598869Z Artifact pytest-3.11.zip successfully finalized. Artifact ID 11401394431
test (Python 3.11)	Conserver le rapport de tests	2026-10-06T09:24:46.1629280Z Artifact pytest-3.11 has been successfully uploaded! Final size is 447 bytes. Artifact ID is 11401394431
test (Python 3.11)	Conserver le rapport de tests	2026-10-06T09:24:46.1637156Z Artifact download URL: https://github.com/Waddenn/cicd-fil-rouge/actions/runs/37442392450/artifacts/11401394431
test (Python 3.11)	Post Run actions/setup-python@5fda3b95a4ea91299a34e894583c3862153e4b97	﻿2026-10-06T09:24:46.1763403Z Post job cleanup.
test (Python 3.11)	Post Run actions/setup-python@5fda3b95a4ea91299a34e894583c3862153e4b97	2026-10-06T09:24:46.2922276Z Cache hit occurred on the primary key setup-python-Linux-x64-24.04-Ubuntu-python-3.11.16-pip-0cc5f5eab56f1237ba4586eceac9729a233f92348fa5d801507e7755cbf34434, not saving cache.
test (Python 3.11)	Post Run actions/checkout@3d3c42e5aac5ba805825da76410c181273ba90b1	﻿2026-10-06T09:24:46.3051373Z Post job cleanup.
test (Python 3.11)	Post Run actions/checkout@3d3c42e5aac5ba805825da76410c181273ba90b1	2026-10-06T09:24:46.3897236Z [command]/usr/bin/git version
test (Python 3.11)	Post Run actions/checkout@3d3c42e5aac5ba805825da76410c181273ba90b1	2026-10-06T09:24:46.3945554Z git version 2.55.0
test (Python 3.11)	Post Run actions/checkout@3d3c42e5aac5ba805825da76410c181273ba90b1	2026-10-06T09:24:46.3999481Z Temporarily overriding HOME='/home/runner/work/_temp/906be51b-eb3b-42fe-a9c9-80613515d6d8' before making global git config changes
test (Python 3.11)	Post Run actions/checkout@3d3c42e5aac5ba805825da76410c181273ba90b1	2026-10-06T09:24:46.4003038Z Adding repository directory to the temporary git global config as a safe directory
test (Python 3.11)	Post Run actions/checkout@3d3c42e5aac5ba805825da76410c181273ba90b1	2026-10-06T09:24:46.4006856Z [command]/usr/bin/git config --global --add safe.directory /home/runner/work/cicd-fil-rouge/cicd-fil-rouge
test (Python 3.11)	Post Run actions/checkout@3d3c42e5aac5ba805825da76410c181273ba90b1	2026-10-06T09:24:46.4044398Z Removing SSH command configuration
test (Python 3.11)	Post Run actions/checkout@3d3c42e5aac5ba805825da76410c181273ba90b1	2026-10-06T09:24:46.4054022Z [command]/usr/bin/git config --local --name-only --get-regexp core\.sshCommand
test (Python 3.11)	Post Run actions/checkout@3d3c42e5aac5ba805825da76410c181273ba90b1	2026-10-06T09:24:46.4095143Z [command]/usr/bin/git submodule foreach --recursive sh -c "git config --local --name-only --get-regexp 'core\.sshCommand' && git config --local --unset-all 'core.sshCommand' || :"
test (Python 3.11)	Post Run actions/checkout@3d3c42e5aac5ba805825da76410c181273ba90b1	2026-10-06T09:24:46.4415478Z Removing HTTP extra header
test (Python 3.11)	Post Run actions/checkout@3d3c42e5aac5ba805825da76410c181273ba90b1	2026-10-06T09:24:46.4423901Z [command]/usr/bin/git config --local --name-only --get-regexp http\.https\:\/\/github\.com\/\.extraheader
test (Python 3.11)	Post Run actions/checkout@3d3c42e5aac5ba805825da76410c181273ba90b1	2026-10-06T09:24:46.4475074Z [command]/usr/bin/git submodule foreach --recursive sh -c "git config --local --name-only --get-regexp 'http\.https\:\/\/github\.com\/\.extraheader' && git config --local --unset-all 'http.https://github.com/.extraheader' || :"
test (Python 3.11)	Post Run actions/checkout@3d3c42e5aac5ba805825da76410c181273ba90b1	2026-10-06T09:24:46.4820123Z Removing includeIf entries pointing to credentials config files
test (Python 3.11)	Post Run actions/checkout@3d3c42e5aac5ba805825da76410c181273ba90b1	2026-10-06T09:24:46.4829154Z [command]/usr/bin/git config --local --name-only --get-regexp ^includeIf\.gitdir:
test (Python 3.11)	Post Run actions/checkout@3d3c42e5aac5ba805825da76410c181273ba90b1	2026-10-06T09:24:46.4870674Z includeif.gitdir:/home/runner/work/cicd-fil-rouge/cicd-fil-rouge/.git.path
test (Python 3.11)	Post Run actions/checkout@3d3c42e5aac5ba805825da76410c181273ba90b1	2026-10-06T09:24:46.4873498Z includeif.gitdir:/home/runner/work/cicd-fil-rouge/cicd-fil-rouge/.git/worktrees/*.path
test (Python 3.11)	Post Run actions/checkout@3d3c42e5aac5ba805825da76410c181273ba90b1	2026-10-06T09:24:46.4874618Z includeif.gitdir:/github/workspace/.git.path
test (Python 3.11)	Post Run actions/checkout@3d3c42e5aac5ba805825da76410c181273ba90b1	2026-10-06T09:24:46.4875439Z includeif.gitdir:/github/workspace/.git/worktrees/*.path
test (Python 3.11)	Post Run actions/checkout@3d3c42e5aac5ba805825da76410c181273ba90b1	2026-10-06T09:24:46.4884197Z [command]/usr/bin/git config --local --get-all includeif.gitdir:/home/runner/work/cicd-fil-rouge/cicd-fil-rouge/.git.path
test (Python 3.11)	Post Run actions/checkout@3d3c42e5aac5ba805825da76410c181273ba90b1	2026-10-06T09:24:46.4917707Z /home/runner/work/_temp/git-credentials-e9fb6fbb-4978-4402-8894-921fa0f6f118.config
test (Python 3.11)	Post Run actions/checkout@3d3c42e5aac5ba805825da76410c181273ba90b1	2026-10-06T09:24:46.4930464Z [command]/usr/bin/git config --local --unset includeif.gitdir:/home/runner/work/cicd-fil-rouge/cicd-fil-rouge/.git.path \/home\/runner\/work\/_temp\/git\-credentials\-e9fb6fbb\-4978\-4402\-8894\-921fa0f6f118\.config
test (Python 3.11)	Post Run actions/checkout@3d3c42e5aac5ba805825da76410c181273ba90b1	2026-10-06T09:24:46.4989286Z [command]/usr/bin/git config --local --get-all includeif.gitdir:/home/runner/work/cicd-fil-rouge/cicd-fil-rouge/.git/worktrees/*.path
test (Python 3.11)	Post Run actions/checkout@3d3c42e5aac5ba805825da76410c181273ba90b1	2026-10-06T09:24:46.5019352Z /home/runner/work/_temp/git-credentials-e9fb6fbb-4978-4402-8894-921fa0f6f118.config
test (Python 3.11)	Post Run actions/checkout@3d3c42e5aac5ba805825da76410c181273ba90b1	2026-10-06T09:24:46.5028936Z [command]/usr/bin/git config --local --unset includeif.gitdir:/home/runner/work/cicd-fil-rouge/cicd-fil-rouge/.git/worktrees/*.path \/home\/runner\/work\/_temp\/git\-credentials\-e9fb6fbb\-4978\-4402\-8894\-921fa0f6f118\.config
test (Python 3.11)	Post Run actions/checkout@3d3c42e5aac5ba805825da76410c181273ba90b1	2026-10-06T09:24:46.5100143Z [command]/usr/bin/git config --local --get-all includeif.gitdir:/github/workspace/.git.path
test (Python 3.11)	Post Run actions/checkout@3d3c42e5aac5ba805825da76410c181273ba90b1	2026-10-06T09:24:46.5133154Z /github/runner_temp/git-credentials-e9fb6fbb-4978-4402-8894-921fa0f6f118.config
test (Python 3.11)	Post Run actions/checkout@3d3c42e5aac5ba805825da76410c181273ba90b1	2026-10-06T09:24:46.5145439Z [command]/usr/bin/git config --local --unset includeif.gitdir:/github/workspace/.git.path \/github\/runner_temp\/git\-credentials\-e9fb6fbb\-4978\-4402\-8894\-921fa0f6f118\.config
test (Python 3.11)	Post Run actions/checkout@3d3c42e5aac5ba805825da76410c181273ba90b1	2026-10-06T09:24:46.5194067Z [command]/usr/bin/git config --local --get-all includeif.gitdir:/github/workspace/.git/worktrees/*.path
test (Python 3.11)	Post Run actions/checkout@3d3c42e5aac5ba805825da76410c181273ba90b1	2026-10-06T09:24:46.5231983Z /github/runner_temp/git-credentials-e9fb6fbb-4978-4402-8894-921fa0f6f118.config
test (Python 3.11)	Post Run actions/checkout@3d3c42e5aac5ba805825da76410c181273ba90b1	2026-10-06T09:24:46.5241789Z [command]/usr/bin/git config --local --unset includeif.gitdir:/github/workspace/.git/worktrees/*.path \/github\/runner_temp\/git\-credentials\-e9fb6fbb\-4978\-4402\-8894\-921fa0f6f118\.config
test (Python 3.11)	Post Run actions/checkout@3d3c42e5aac5ba805825da76410c181273ba90b1	2026-10-06T09:24:46.5291327Z [command]/usr/bin/git submodule foreach --recursive git config --local --show-origin --name-only --get-regexp remote.origin.url
test (Python 3.11)	Post Run actions/checkout@3d3c42e5aac5ba805825da76410c181273ba90b1	2026-10-06T09:24:46.5538645Z Removing credentials config '/home/runner/work/_temp/git-credentials-e9fb6fbb-4978-4402-8894-921fa0f6f118.config'
test (Python 3.11)	Complete job	﻿2026-10-06T09:24:46.5712542Z Cleaning up orphan processes
test (Python 3.11)	Complete job	2026-10-06T09:24:46.6030954Z ##[warning]Node.js 20 is deprecated. The following actions target Node.js 20 but are being forced to run on Node.js 24: actions/upload-artifact@ea165f8d65b6e75b540449e92b4886f43607fa02. For more information see: https://github.blog/changelog/2025-09-19-deprecation-of-node-20-on-github-actions-runners/
test (Python 3.13)	Set up job	﻿2026-10-06T09:24:29.0175091Z Current runner version: '2.337.0'
test (Python 3.13)	Set up job	2026-10-06T09:24:29.0203963Z ##[group]Runner Image Provisioner
test (Python 3.13)	Set up job	2026-10-06T09:24:29.0204985Z Hosted Compute Agent
test (Python 3.13)	Set up job	2026-10-06T09:24:29.0205683Z Version: 20260901.588
test (Python 3.13)	Set up job	2026-10-06T09:24:29.0206444Z Commit: f88ec8081b781fac6c440065ac7ff9e710ce3d0b
test (Python 3.13)	Set up job	2026-10-06T09:24:29.0207186Z Build Date: 2026-09-01T19:56:44Z
test (Python 3.13)	Set up job	2026-10-06T09:24:29.0207932Z Worker ID: {44e5bb71-6515-4fa3-ac29-e3a33823686e}
test (Python 3.13)	Set up job	2026-10-06T09:24:29.0208686Z Azure Region: westus
test (Python 3.13)	Set up job	2026-10-06T09:24:29.0209264Z ##[endgroup]
test (Python 3.13)	Set up job	2026-10-06T09:24:29.0211189Z ##[group]Operating System
test (Python 3.13)	Set up job	2026-10-06T09:24:29.0211867Z Ubuntu
test (Python 3.13)	Set up job	2026-10-06T09:24:29.0212464Z 24.04.5
test (Python 3.13)	Set up job	2026-10-06T09:24:29.0213074Z LTS
test (Python 3.13)	Set up job	2026-10-06T09:24:29.0213575Z ##[endgroup]
test (Python 3.13)	Set up job	2026-10-06T09:24:29.0214221Z ##[group]Runner Image
test (Python 3.13)	Set up job	2026-10-06T09:24:29.0214826Z Image: ubuntu-24.04
test (Python 3.13)	Set up job	2026-10-06T09:24:29.0215432Z Version: 20260927.320.1
test (Python 3.13)	Set up job	2026-10-06T09:24:29.0216593Z Included Software: https://github.com/actions/runner-images/blob/ubuntu24/20260927.320/images/ubuntu/Ubuntu2404-Readme.md
test (Python 3.13)	Set up job	2026-10-06T09:24:29.0218387Z Image Release: https://github.com/actions/runner-images/releases/tag/ubuntu24%2F20260927.320
test (Python 3.13)	Set up job	2026-10-06T09:24:29.0219371Z ##[endgroup]
test (Python 3.13)	Set up job	2026-10-06T09:24:29.0221297Z ##[group]GITHUB_TOKEN Permissions
test (Python 3.13)	Set up job	2026-10-06T09:24:29.0223490Z Contents: read
test (Python 3.13)	Set up job	2026-10-06T09:24:29.0224194Z Metadata: read
test (Python 3.13)	Set up job	2026-10-06T09:24:29.0224776Z ##[endgroup]
test (Python 3.13)	Set up job	2026-10-06T09:24:29.0226941Z Secret source: Actions
test (Python 3.13)	Set up job	2026-10-06T09:24:29.0228146Z Cache mode: write
test (Python 3.13)	Set up job	2026-10-06T09:24:29.0228846Z Prepare workflow directory
test (Python 3.13)	Set up job	2026-10-06T09:24:29.0632395Z Prepare all required actions
test (Python 3.13)	Set up job	2026-10-06T09:24:29.0687444Z Getting action download info
test (Python 3.13)	Set up job	2026-10-06T09:24:29.4442423Z Download action repository 'actions/checkout@3d3c42e5aac5ba805825da76410c181273ba90b1' (SHA:3d3c42e5aac5ba805825da76410c181273ba90b1)
test (Python 3.13)	Set up job	2026-10-06T09:24:29.5808221Z Download action repository 'actions/setup-python@5fda3b95a4ea91299a34e894583c3862153e4b97' (SHA:5fda3b95a4ea91299a34e894583c3862153e4b97)
test (Python 3.13)	Set up job	2026-10-06T09:24:29.6596705Z Download action repository 'actions/upload-artifact@ea165f8d65b6e75b540449e92b4886f43607fa02' (SHA:ea165f8d65b6e75b540449e92b4886f43607fa02)
test (Python 3.13)	Set up job	2026-10-06T09:24:29.8814255Z Complete job name: test (Python 3.13)
test (Python 3.13)	Run actions/checkout@3d3c42e5aac5ba805825da76410c181273ba90b1	﻿2026-10-06T09:24:29.9709316Z ##[group]Run actions/checkout@3d3c42e5aac5ba805825da76410c181273ba90b1
test (Python 3.13)	Run actions/checkout@3d3c42e5aac5ba805825da76410c181273ba90b1	2026-10-06T09:24:29.9710532Z with:
test (Python 3.13)	Run actions/checkout@3d3c42e5aac5ba805825da76410c181273ba90b1	2026-10-06T09:24:29.9711227Z   repository: Waddenn/cicd-fil-rouge
test (Python 3.13)	Run actions/checkout@3d3c42e5aac5ba805825da76410c181273ba90b1	2026-10-06T09:24:29.9715355Z   token: ***
test (Python 3.13)	Run actions/checkout@3d3c42e5aac5ba805825da76410c181273ba90b1	2026-10-06T09:24:29.9715791Z   ssh-strict: true
test (Python 3.13)	Run actions/checkout@3d3c42e5aac5ba805825da76410c181273ba90b1	2026-10-06T09:24:29.9716236Z   ssh-user: git
test (Python 3.13)	Run actions/checkout@3d3c42e5aac5ba805825da76410c181273ba90b1	2026-10-06T09:24:29.9716682Z   persist-credentials: true
test (Python 3.13)	Run actions/checkout@3d3c42e5aac5ba805825da76410c181273ba90b1	2026-10-06T09:24:29.9717179Z   clean: true
test (Python 3.13)	Run actions/checkout@3d3c42e5aac5ba805825da76410c181273ba90b1	2026-10-06T09:24:29.9717620Z   sparse-checkout-cone-mode: true
test (Python 3.13)	Run actions/checkout@3d3c42e5aac5ba805825da76410c181273ba90b1	2026-10-06T09:24:29.9718146Z   fetch-depth: 1
test (Python 3.13)	Run actions/checkout@3d3c42e5aac5ba805825da76410c181273ba90b1	2026-10-06T09:24:29.9718577Z   fetch-tags: false
test (Python 3.13)	Run actions/checkout@3d3c42e5aac5ba805825da76410c181273ba90b1	2026-10-06T09:24:29.9719026Z   show-progress: true
test (Python 3.13)	Run actions/checkout@3d3c42e5aac5ba805825da76410c181273ba90b1	2026-10-06T09:24:29.9719479Z   lfs: false
test (Python 3.13)	Run actions/checkout@3d3c42e5aac5ba805825da76410c181273ba90b1	2026-10-06T09:24:29.9719894Z   submodules: false
test (Python 3.13)	Run actions/checkout@3d3c42e5aac5ba805825da76410c181273ba90b1	2026-10-06T09:24:29.9720354Z   set-safe-directory: true
test (Python 3.13)	Run actions/checkout@3d3c42e5aac5ba805825da76410c181273ba90b1	2026-10-06T09:24:29.9721001Z   allow-unsafe-pr-checkout: false
test (Python 3.13)	Run actions/checkout@3d3c42e5aac5ba805825da76410c181273ba90b1	2026-10-06T09:24:29.9721812Z ##[endgroup]
test (Python 3.13)	Run actions/checkout@3d3c42e5aac5ba805825da76410c181273ba90b1	2026-10-06T09:24:30.0825542Z Syncing repository: Waddenn/cicd-fil-rouge
test (Python 3.13)	Run actions/checkout@3d3c42e5aac5ba805825da76410c181273ba90b1	2026-10-06T09:24:30.0828597Z ##[group]Getting Git version info
test (Python 3.13)	Run actions/checkout@3d3c42e5aac5ba805825da76410c181273ba90b1	2026-10-06T09:24:30.0830163Z Working directory is '/home/runner/work/cicd-fil-rouge/cicd-fil-rouge'
test (Python 3.13)	Run actions/checkout@3d3c42e5aac5ba805825da76410c181273ba90b1	2026-10-06T09:24:30.0832622Z [command]/usr/bin/git version
test (Python 3.13)	Run actions/checkout@3d3c42e5aac5ba805825da76410c181273ba90b1	2026-10-06T09:24:30.0931152Z git version 2.55.0
test (Python 3.13)	Run actions/checkout@3d3c42e5aac5ba805825da76410c181273ba90b1	2026-10-06T09:24:30.0957018Z ##[endgroup]
test (Python 3.13)	Run actions/checkout@3d3c42e5aac5ba805825da76410c181273ba90b1	2026-10-06T09:24:30.0979336Z Temporarily overriding HOME='/home/runner/work/_temp/56190922-7581-4aa3-8ced-4dcda87bb5b6' before making global git config changes
test (Python 3.13)	Run actions/checkout@3d3c42e5aac5ba805825da76410c181273ba90b1	2026-10-06T09:24:30.0982359Z Adding repository directory to the temporary git global config as a safe directory
test (Python 3.13)	Run actions/checkout@3d3c42e5aac5ba805825da76410c181273ba90b1	2026-10-06T09:24:30.0986157Z [command]/usr/bin/git config --global --add safe.directory /home/runner/work/cicd-fil-rouge/cicd-fil-rouge
test (Python 3.13)	Run actions/checkout@3d3c42e5aac5ba805825da76410c181273ba90b1	2026-10-06T09:24:30.1055521Z Deleting the contents of '/home/runner/work/cicd-fil-rouge/cicd-fil-rouge'
test (Python 3.13)	Run actions/checkout@3d3c42e5aac5ba805825da76410c181273ba90b1	2026-10-06T09:24:30.1061768Z ##[group]Determining repository object format
test (Python 3.13)	Run actions/checkout@3d3c42e5aac5ba805825da76410c181273ba90b1	2026-10-06T09:24:30.1064822Z ##[endgroup]
test (Python 3.13)	Run actions/checkout@3d3c42e5aac5ba805825da76410c181273ba90b1	2026-10-06T09:24:30.1066748Z ##[group]Initializing the repository
test (Python 3.13)	Run actions/checkout@3d3c42e5aac5ba805825da76410c181273ba90b1	2026-10-06T09:24:30.1069139Z [command]/usr/bin/git init /home/runner/work/cicd-fil-rouge/cicd-fil-rouge
test (Python 3.13)	Run actions/checkout@3d3c42e5aac5ba805825da76410c181273ba90b1	2026-10-06T09:24:30.1184651Z hint: Using 'master' as the name for the initial branch. This default branch name
test (Python 3.13)	Run actions/checkout@3d3c42e5aac5ba805825da76410c181273ba90b1	2026-10-06T09:24:30.1186728Z hint: will change to "main" in Git 3.0. To configure the initial branch name
test (Python 3.13)	Run actions/checkout@3d3c42e5aac5ba805825da76410c181273ba90b1	2026-10-06T09:24:30.1188523Z hint: to use in all of your new repositories, which will suppress this warning,
test (Python 3.13)	Run actions/checkout@3d3c42e5aac5ba805825da76410c181273ba90b1	2026-10-06T09:24:30.1190065Z hint: call:
test (Python 3.13)	Run actions/checkout@3d3c42e5aac5ba805825da76410c181273ba90b1	2026-10-06T09:24:30.1191117Z hint:
test (Python 3.13)	Run actions/checkout@3d3c42e5aac5ba805825da76410c181273ba90b1	2026-10-06T09:24:30.1192075Z hint: 	git config --global init.defaultBranch <name>
test (Python 3.13)	Run actions/checkout@3d3c42e5aac5ba805825da76410c181273ba90b1	2026-10-06T09:24:30.1193164Z hint:
test (Python 3.13)	Run actions/checkout@3d3c42e5aac5ba805825da76410c181273ba90b1	2026-10-06T09:24:30.1194210Z hint: Names commonly chosen instead of 'master' are 'main', 'trunk' and
test (Python 3.13)	Run actions/checkout@3d3c42e5aac5ba805825da76410c181273ba90b1	2026-10-06T09:24:30.1196108Z hint: 'development'. The just-created branch can be renamed via this command:
test (Python 3.13)	Run actions/checkout@3d3c42e5aac5ba805825da76410c181273ba90b1	2026-10-06T09:24:30.1197366Z hint:
test (Python 3.13)	Run actions/checkout@3d3c42e5aac5ba805825da76410c181273ba90b1	2026-10-06T09:24:30.1198057Z hint: 	git branch -m <name>
test (Python 3.13)	Run actions/checkout@3d3c42e5aac5ba805825da76410c181273ba90b1	2026-10-06T09:24:30.1198967Z hint:
test (Python 3.13)	Run actions/checkout@3d3c42e5aac5ba805825da76410c181273ba90b1	2026-10-06T09:24:30.1200210Z hint: Disable this message with "git config set advice.defaultBranchName false"
test (Python 3.13)	Run actions/checkout@3d3c42e5aac5ba805825da76410c181273ba90b1	2026-10-06T09:24:30.1202765Z Initialized empty Git repository in /home/runner/work/cicd-fil-rouge/cicd-fil-rouge/.git/
test (Python 3.13)	Run actions/checkout@3d3c42e5aac5ba805825da76410c181273ba90b1	2026-10-06T09:24:30.1207413Z [command]/usr/bin/git remote add origin https://github.com/Waddenn/cicd-fil-rouge
test (Python 3.13)	Run actions/checkout@3d3c42e5aac5ba805825da76410c181273ba90b1	2026-10-06T09:24:30.1272160Z ##[endgroup]
test (Python 3.13)	Run actions/checkout@3d3c42e5aac5ba805825da76410c181273ba90b1	2026-10-06T09:24:30.1273972Z ##[group]Disabling automatic garbage collection
test (Python 3.13)	Run actions/checkout@3d3c42e5aac5ba805825da76410c181273ba90b1	2026-10-06T09:24:30.1276721Z [command]/usr/bin/git config --local gc.auto 0
test (Python 3.13)	Run actions/checkout@3d3c42e5aac5ba805825da76410c181273ba90b1	2026-10-06T09:24:30.1318305Z ##[endgroup]
test (Python 3.13)	Run actions/checkout@3d3c42e5aac5ba805825da76410c181273ba90b1	2026-10-06T09:24:30.1320058Z ##[group]Setting up auth
test (Python 3.13)	Run actions/checkout@3d3c42e5aac5ba805825da76410c181273ba90b1	2026-10-06T09:24:30.1322585Z Removing SSH command configuration
test (Python 3.13)	Run actions/checkout@3d3c42e5aac5ba805825da76410c181273ba90b1	2026-10-06T09:24:30.1326998Z [command]/usr/bin/git config --local --name-only --get-regexp core\.sshCommand
test (Python 3.13)	Run actions/checkout@3d3c42e5aac5ba805825da76410c181273ba90b1	2026-10-06T09:24:30.1381318Z [command]/usr/bin/git submodule foreach --recursive sh -c "git config --local --name-only --get-regexp 'core\.sshCommand' && git config --local --unset-all 'core.sshCommand' || :"
test (Python 3.13)	Run actions/checkout@3d3c42e5aac5ba805825da76410c181273ba90b1	2026-10-06T09:24:30.1850437Z Removing HTTP extra header
test (Python 3.13)	Run actions/checkout@3d3c42e5aac5ba805825da76410c181273ba90b1	2026-10-06T09:24:30.1858248Z [command]/usr/bin/git config --local --name-only --get-regexp http\.https\:\/\/github\.com\/\.extraheader
test (Python 3.13)	Run actions/checkout@3d3c42e5aac5ba805825da76410c181273ba90b1	2026-10-06T09:24:30.1913278Z [command]/usr/bin/git submodule foreach --recursive sh -c "git config --local --name-only --get-regexp 'http\.https\:\/\/github\.com\/\.extraheader' && git config --local --unset-all 'http.https://github.com/.extraheader' || :"
test (Python 3.13)	Run actions/checkout@3d3c42e5aac5ba805825da76410c181273ba90b1	2026-10-06T09:24:30.2154377Z Removing includeIf entries pointing to credentials config files
test (Python 3.13)	Run actions/checkout@3d3c42e5aac5ba805825da76410c181273ba90b1	2026-10-06T09:24:30.2158920Z [command]/usr/bin/git config --local --name-only --get-regexp ^includeIf\.gitdir:
test (Python 3.13)	Run actions/checkout@3d3c42e5aac5ba805825da76410c181273ba90b1	2026-10-06T09:24:30.2198559Z [command]/usr/bin/git submodule foreach --recursive git config --local --show-origin --name-only --get-regexp remote.origin.url
test (Python 3.13)	Run actions/checkout@3d3c42e5aac5ba805825da76410c181273ba90b1	2026-10-06T09:24:30.2474702Z [command]/usr/bin/git config --file /home/runner/work/_temp/git-credentials-bfdfb371-0da3-4bb8-b2b3-f21404af8860.config http.https://github.com/.extraheader AUTHORIZATION: basic ***
test (Python 3.13)	Run actions/checkout@3d3c42e5aac5ba805825da76410c181273ba90b1	2026-10-06T09:24:30.2519262Z [command]/usr/bin/git config --local includeIf.gitdir:/home/runner/work/cicd-fil-rouge/cicd-fil-rouge/.git.path /home/runner/work/_temp/git-credentials-bfdfb371-0da3-4bb8-b2b3-f21404af8860.config
test (Python 3.13)	Run actions/checkout@3d3c42e5aac5ba805825da76410c181273ba90b1	2026-10-06T09:24:30.2557288Z [command]/usr/bin/git config --local includeIf.gitdir:/home/runner/work/cicd-fil-rouge/cicd-fil-rouge/.git/worktrees/*.path /home/runner/work/_temp/git-credentials-bfdfb371-0da3-4bb8-b2b3-f21404af8860.config
test (Python 3.13)	Run actions/checkout@3d3c42e5aac5ba805825da76410c181273ba90b1	2026-10-06T09:24:30.2598052Z [command]/usr/bin/git config --local includeIf.gitdir:/github/workspace/.git.path /github/runner_temp/git-credentials-bfdfb371-0da3-4bb8-b2b3-f21404af8860.config
test (Python 3.13)	Run actions/checkout@3d3c42e5aac5ba805825da76410c181273ba90b1	2026-10-06T09:24:30.2634359Z [command]/usr/bin/git config --local includeIf.gitdir:/github/workspace/.git/worktrees/*.path /github/runner_temp/git-credentials-bfdfb371-0da3-4bb8-b2b3-f21404af8860.config
test (Python 3.13)	Run actions/checkout@3d3c42e5aac5ba805825da76410c181273ba90b1	2026-10-06T09:24:30.2667003Z ##[endgroup]
test (Python 3.13)	Run actions/checkout@3d3c42e5aac5ba805825da76410c181273ba90b1	2026-10-06T09:24:30.2668291Z ##[group]Fetching the repository
test (Python 3.13)	Run actions/checkout@3d3c42e5aac5ba805825da76410c181273ba90b1	2026-10-06T09:24:30.2673634Z [command]/usr/bin/git -c protocol.version=2 fetch --no-tags --prune --no-recurse-submodules --depth=1 origin +8cdac98ba655cdffc296c2090381fdd791ec8904:refs/remotes/origin/main
test (Python 3.13)	Run actions/checkout@3d3c42e5aac5ba805825da76410c181273ba90b1	2026-10-06T09:24:30.7166698Z From https://github.com/Waddenn/cicd-fil-rouge
test (Python 3.13)	Run actions/checkout@3d3c42e5aac5ba805825da76410c181273ba90b1	2026-10-06T09:24:30.7168126Z  * [new ref]         8cdac98ba655cdffc296c2090381fdd791ec8904 -> origin/main
test (Python 3.13)	Run actions/checkout@3d3c42e5aac5ba805825da76410c181273ba90b1	2026-10-06T09:24:30.7176742Z [command]/usr/bin/git branch --list --remote origin/main
test (Python 3.13)	Run actions/checkout@3d3c42e5aac5ba805825da76410c181273ba90b1	2026-10-06T09:24:30.7208107Z   origin/main
test (Python 3.13)	Run actions/checkout@3d3c42e5aac5ba805825da76410c181273ba90b1	2026-10-06T09:24:30.7216611Z [command]/usr/bin/git rev-parse refs/remotes/origin/main
test (Python 3.13)	Run actions/checkout@3d3c42e5aac5ba805825da76410c181273ba90b1	2026-10-06T09:24:30.7245703Z 8cdac98ba655cdffc296c2090381fdd791ec8904
test (Python 3.13)	Run actions/checkout@3d3c42e5aac5ba805825da76410c181273ba90b1	2026-10-06T09:24:30.7250329Z ##[endgroup]
test (Python 3.13)	Run actions/checkout@3d3c42e5aac5ba805825da76410c181273ba90b1	2026-10-06T09:24:30.7251659Z ##[group]Determining the checkout info
test (Python 3.13)	Run actions/checkout@3d3c42e5aac5ba805825da76410c181273ba90b1	2026-10-06T09:24:30.7252648Z ##[endgroup]
test (Python 3.13)	Run actions/checkout@3d3c42e5aac5ba805825da76410c181273ba90b1	2026-10-06T09:24:30.7257008Z [command]/usr/bin/git sparse-checkout disable
test (Python 3.13)	Run actions/checkout@3d3c42e5aac5ba805825da76410c181273ba90b1	2026-10-06T09:24:30.7312127Z [command]/usr/bin/git config --local --unset-all extensions.worktreeConfig
test (Python 3.13)	Run actions/checkout@3d3c42e5aac5ba805825da76410c181273ba90b1	2026-10-06T09:24:30.7348980Z ##[group]Checking out the ref
test (Python 3.13)	Run actions/checkout@3d3c42e5aac5ba805825da76410c181273ba90b1	2026-10-06T09:24:30.7353821Z [command]/usr/bin/git checkout --progress --force -B main refs/remotes/origin/main
test (Python 3.13)	Run actions/checkout@3d3c42e5aac5ba805825da76410c181273ba90b1	2026-10-06T09:24:30.7441303Z Switched to a new branch 'main'
test (Python 3.13)	Run actions/checkout@3d3c42e5aac5ba805825da76410c181273ba90b1	2026-10-06T09:24:30.7446228Z branch 'main' set up to track 'origin/main'.
test (Python 3.13)	Run actions/checkout@3d3c42e5aac5ba805825da76410c181273ba90b1	2026-10-06T09:24:30.7453733Z ##[endgroup]
test (Python 3.13)	Run actions/checkout@3d3c42e5aac5ba805825da76410c181273ba90b1	2026-10-06T09:24:30.7501298Z [command]/usr/bin/git log -1 --format=%H
test (Python 3.13)	Run actions/checkout@3d3c42e5aac5ba805825da76410c181273ba90b1	2026-10-06T09:24:30.7531808Z 8cdac98ba655cdffc296c2090381fdd791ec8904
test (Python 3.13)	Run actions/setup-python@5fda3b95a4ea91299a34e894583c3862153e4b97	﻿2026-10-06T09:24:30.7842615Z ##[group]Run actions/setup-python@5fda3b95a4ea91299a34e894583c3862153e4b97
test (Python 3.13)	Run actions/setup-python@5fda3b95a4ea91299a34e894583c3862153e4b97	2026-10-06T09:24:30.7843489Z with:
test (Python 3.13)	Run actions/setup-python@5fda3b95a4ea91299a34e894583c3862153e4b97	2026-10-06T09:24:30.7843914Z   python-version: 3.13
test (Python 3.13)	Run actions/setup-python@5fda3b95a4ea91299a34e894583c3862153e4b97	2026-10-06T09:24:30.7844397Z   cache: pip
test (Python 3.13)	Run actions/setup-python@5fda3b95a4ea91299a34e894583c3862153e4b97	2026-10-06T09:24:30.7844978Z   cache-dependency-path: requirements.txt
test (Python 3.13)	Run actions/setup-python@5fda3b95a4ea91299a34e894583c3862153e4b97	requirements-dev.txt
test (Python 3.13)	Run actions/setup-python@5fda3b95a4ea91299a34e894583c3862153e4b97	
test (Python 3.13)	Run actions/setup-python@5fda3b95a4ea91299a34e894583c3862153e4b97	2026-10-06T09:24:30.7845703Z   check-latest: false
test (Python 3.13)	Run actions/setup-python@5fda3b95a4ea91299a34e894583c3862153e4b97	2026-10-06T09:24:30.7850435Z   token: ***
test (Python 3.13)	Run actions/setup-python@5fda3b95a4ea91299a34e894583c3862153e4b97	2026-10-06T09:24:30.7851426Z   update-environment: true
test (Python 3.13)	Run actions/setup-python@5fda3b95a4ea91299a34e894583c3862153e4b97	2026-10-06T09:24:30.7923555Z   allow-prereleases: false
test (Python 3.13)	Run actions/setup-python@5fda3b95a4ea91299a34e894583c3862153e4b97	2026-10-06T09:24:30.7925024Z   freethreaded: false
test (Python 3.13)	Run actions/setup-python@5fda3b95a4ea91299a34e894583c3862153e4b97	2026-10-06T09:24:30.7925873Z ##[endgroup]
test (Python 3.13)	Run actions/setup-python@5fda3b95a4ea91299a34e894583c3862153e4b97	2026-10-06T09:24:30.9196337Z ##[group]Installed versions
test (Python 3.13)	Run actions/setup-python@5fda3b95a4ea91299a34e894583c3862153e4b97	2026-10-06T09:24:30.9276351Z Successfully set up CPython (3.13.15)
test (Python 3.13)	Run actions/setup-python@5fda3b95a4ea91299a34e894583c3862153e4b97	2026-10-06T09:24:30.9278212Z ##[endgroup]
test (Python 3.13)	Run actions/setup-python@5fda3b95a4ea91299a34e894583c3862153e4b97	2026-10-06T09:24:30.9621991Z [command]/opt/hostedtoolcache/Python/3.13.15/x64/bin/pip cache dir
test (Python 3.13)	Run actions/setup-python@5fda3b95a4ea91299a34e894583c3862153e4b97	2026-10-06T09:24:31.2624044Z /home/runner/.cache/pip
test (Python 3.13)	Run actions/setup-python@5fda3b95a4ea91299a34e894583c3862153e4b97	2026-10-06T09:24:31.5616342Z Cache hit for: setup-python-Linux-x64-24.04-Ubuntu-python-3.13.15-pip-0cc5f5eab56f1237ba4586eceac9729a233f92348fa5d801507e7755cbf34434
test (Python 3.13)	Run actions/setup-python@5fda3b95a4ea91299a34e894583c3862153e4b97	2026-10-06T09:24:32.8455301Z Received 1891508 of 18668724 (10.1%), 1.8 MBs/sec
test (Python 3.13)	Run actions/setup-python@5fda3b95a4ea91299a34e894583c3862153e4b97	2026-10-06T09:24:33.0941985Z Received 18668724 of 18668724 (100.0%), 14.3 MBs/sec
test (Python 3.13)	Run actions/setup-python@5fda3b95a4ea91299a34e894583c3862153e4b97	2026-10-06T09:24:33.0943453Z Cache Size: ~18 MB (18668724 B)
test (Python 3.13)	Run actions/setup-python@5fda3b95a4ea91299a34e894583c3862153e4b97	2026-10-06T09:24:33.1055667Z [command]/usr/bin/tar -xf /home/runner/work/_temp/cd6ff2f2-3936-4099-af30-e54e1eddf8ad/cache.tzst -P -C /home/runner/work/cicd-fil-rouge/cicd-fil-rouge --use-compress-program unzstd
test (Python 3.13)	Run actions/setup-python@5fda3b95a4ea91299a34e894583c3862153e4b97	2026-10-06T09:24:33.1496374Z Cache restored successfully
test (Python 3.13)	Run actions/setup-python@5fda3b95a4ea91299a34e894583c3862153e4b97	2026-10-06T09:24:33.1511588Z Cache restored from key: setup-python-Linux-x64-24.04-Ubuntu-python-3.13.15-pip-0cc5f5eab56f1237ba4586eceac9729a233f92348fa5d801507e7755cbf34434
test (Python 3.13)	Installer les dépendances	﻿2026-10-06T09:24:33.1681077Z ##[group]Run started=$SECONDS
test (Python 3.13)	Installer les dépendances	2026-10-06T09:24:33.1681498Z ^[[36;1mstarted=$SECONDS^[[0m
test (Python 3.13)	Installer les dépendances	2026-10-06T09:24:33.1681860Z ^[[36;1mpython -m pip install -r requirements-dev.txt^[[0m
test (Python 3.13)	Installer les dépendances	2026-10-06T09:24:33.1682410Z ^[[36;1mecho "Installation Python 3.13 : $((SECONDS - started)) s" >> "$GITHUB_STEP_SUMMARY"^[[0m
test (Python 3.13)	Installer les dépendances	2026-10-06T09:24:33.1949573Z shell: /usr/bin/bash -e {0}
test (Python 3.13)	Installer les dépendances	2026-10-06T09:24:33.1950066Z env:
test (Python 3.13)	Installer les dépendances	2026-10-06T09:24:33.1950510Z   pythonLocation: /opt/hostedtoolcache/Python/3.13.15/x64
test (Python 3.13)	Installer les dépendances	2026-10-06T09:24:33.1951468Z   PKG_CONFIG_PATH: /opt/hostedtoolcache/Python/3.13.15/x64/lib/pkgconfig
test (Python 3.13)	Installer les dépendances	2026-10-06T09:24:33.1952242Z   Python_ROOT_DIR: /opt/hostedtoolcache/Python/3.13.15/x64
test (Python 3.13)	Installer les dépendances	2026-10-06T09:24:33.1952905Z   Python2_ROOT_DIR: /opt/hostedtoolcache/Python/3.13.15/x64
test (Python 3.13)	Installer les dépendances	2026-10-06T09:24:33.1953536Z   Python3_ROOT_DIR: /opt/hostedtoolcache/Python/3.13.15/x64
test (Python 3.13)	Installer les dépendances	2026-10-06T09:24:33.1954375Z   LD_LIBRARY_PATH: /opt/hostedtoolcache/Python/3.13.15/x64/lib
test (Python 3.13)	Installer les dépendances	2026-10-06T09:24:33.1954825Z ##[endgroup]
test (Python 3.13)	Installer les dépendances	2026-10-06T09:24:33.7516251Z Collecting fastapi==0.115.6 (from -r /home/runner/work/cicd-fil-rouge/cicd-fil-rouge/requirements.txt (line 1))
test (Python 3.13)	Installer les dépendances	2026-10-06T09:24:33.7531085Z   Using cached fastapi-0.115.6-py3-none-any.whl.metadata (27 kB)
test (Python 3.13)	Installer les dépendances	2026-10-06T09:24:33.7718450Z Collecting uvicorn==0.32.1 (from -r /home/runner/work/cicd-fil-rouge/cicd-fil-rouge/requirements.txt (line 2))
test (Python 3.13)	Installer les dépendances	2026-10-06T09:24:33.7734096Z   Using cached uvicorn-0.32.1-py3-none-any.whl.metadata (6.6 kB)
test (Python 3.13)	Installer les dépendances	2026-10-06T09:24:33.7876339Z Collecting requests==2.25.1 (from -r /home/runner/work/cicd-fil-rouge/cicd-fil-rouge/requirements.txt (line 3))
test (Python 3.13)	Installer les dépendances	2026-10-06T09:24:33.7890324Z   Using cached requests-2.25.1-py2.py3-none-any.whl.metadata (4.2 kB)
test (Python 3.13)	Installer les dépendances	2026-10-06T09:24:33.8073049Z Collecting pytest==8.3.4 (from -r requirements-dev.txt (line 2))
test (Python 3.13)	Installer les dépendances	2026-10-06T09:24:33.8086625Z   Using cached pytest-8.3.4-py3-none-any.whl.metadata (7.5 kB)
test (Python 3.13)	Installer les dépendances	2026-10-06T09:24:33.8210417Z Collecting httpx==0.28.1 (from -r requirements-dev.txt (line 3))
test (Python 3.13)	Installer les dépendances	2026-10-06T09:24:33.8223332Z   Using cached httpx-0.28.1-py3-none-any.whl.metadata (7.1 kB)
test (Python 3.13)	Installer les dépendances	2026-10-06T09:24:34.1303593Z Collecting ruff==0.8.4 (from -r requirements-dev.txt (line 4))
test (Python 3.13)	Installer les dépendances	2026-10-06T09:24:34.1318070Z   Using cached ruff-0.8.4-py3-none-manylinux_2_17_x86_64.manylinux2014_x86_64.whl.metadata (25 kB)
test (Python 3.13)	Installer les dépendances	2026-10-06T09:24:34.1494368Z Collecting starlette<0.42.0,>=0.40.0 (from fastapi==0.115.6->-r /home/runner/work/cicd-fil-rouge/cicd-fil-rouge/requirements.txt (line 1))
test (Python 3.13)	Installer les dépendances	2026-10-06T09:24:34.1507071Z   Using cached starlette-0.41.3-py3-none-any.whl.metadata (6.0 kB)
test (Python 3.13)	Installer les dépendances	2026-10-06T09:24:34.2433802Z Collecting pydantic!=1.8,!=1.8.1,!=2.0.0,!=2.0.1,!=2.1.0,<3.0.0,>=1.7.4 (from fastapi==0.115.6->-r /home/runner/work/cicd-fil-rouge/cicd-fil-rouge/requirements.txt (line 1))
test (Python 3.13)	Installer les dépendances	2026-10-06T09:24:34.2447340Z   Using cached pydantic-2.13.5-py3-none-any.whl.metadata (110 kB)
test (Python 3.13)	Installer les dépendances	2026-10-06T09:24:34.2571902Z Collecting typing-extensions>=4.8.0 (from fastapi==0.115.6->-r /home/runner/work/cicd-fil-rouge/cicd-fil-rouge/requirements.txt (line 1))
test (Python 3.13)	Installer les dépendances	2026-10-06T09:24:34.2583730Z   Using cached typing_extensions-4.16.0-py3-none-any.whl.metadata (3.3 kB)
test (Python 3.13)	Installer les dépendances	2026-10-06T09:24:34.2688223Z Collecting click>=7.0 (from uvicorn==0.32.1->-r /home/runner/work/cicd-fil-rouge/cicd-fil-rouge/requirements.txt (line 2))
test (Python 3.13)	Installer les dépendances	2026-10-06T09:24:34.2701360Z   Using cached click-8.5.0-py3-none-any.whl.metadata (2.6 kB)
test (Python 3.13)	Installer les dépendances	2026-10-06T09:24:34.2750450Z Collecting h11>=0.8 (from uvicorn==0.32.1->-r /home/runner/work/cicd-fil-rouge/cicd-fil-rouge/requirements.txt (line 2))
test (Python 3.13)	Installer les dépendances	2026-10-06T09:24:34.2762827Z   Using cached h11-0.16.0-py3-none-any.whl.metadata (8.3 kB)
test (Python 3.13)	Installer les dépendances	2026-10-06T09:24:34.3022595Z Collecting chardet<5,>=3.0.2 (from requests==2.25.1->-r /home/runner/work/cicd-fil-rouge/cicd-fil-rouge/requirements.txt (line 3))
test (Python 3.13)	Installer les dépendances	2026-10-06T09:24:34.3035889Z   Using cached chardet-4.0.0-py2.py3-none-any.whl.metadata (3.5 kB)
test (Python 3.13)	Installer les dépendances	2026-10-06T09:24:34.3107979Z Collecting idna<3,>=2.5 (from requests==2.25.1->-r /home/runner/work/cicd-fil-rouge/cicd-fil-rouge/requirements.txt (line 3))
test (Python 3.13)	Installer les dépendances	2026-10-06T09:24:34.3119680Z   Using cached idna-2.10-py2.py3-none-any.whl.metadata (9.1 kB)
test (Python 3.13)	Installer les dépendances	2026-10-06T09:24:34.3276139Z Collecting urllib3<1.27,>=1.21.1 (from requests==2.25.1->-r /home/runner/work/cicd-fil-rouge/cicd-fil-rouge/requirements.txt (line 3))
test (Python 3.13)	Installer les dépendances	2026-10-06T09:24:34.3288491Z   Using cached urllib3-1.26.20-py2.py3-none-any.whl.metadata (50 kB)
test (Python 3.13)	Installer les dépendances	2026-10-06T09:24:34.3446966Z Collecting certifi>=2017.4.17 (from requests==2.25.1->-r /home/runner/work/cicd-fil-rouge/cicd-fil-rouge/requirements.txt (line 3))
test (Python 3.13)	Installer les dépendances	2026-10-06T09:24:34.3460286Z   Using cached certifi-2026.7.22-py3-none-any.whl.metadata (2.5 kB)
test (Python 3.13)	Installer les dépendances	2026-10-06T09:24:34.3508402Z Collecting iniconfig (from pytest==8.3.4->-r requirements-dev.txt (line 2))
test (Python 3.13)	Installer les dépendances	2026-10-06T09:24:34.3520052Z   Using cached iniconfig-2.3.0-py3-none-any.whl.metadata (2.5 kB)
test (Python 3.13)	Installer les dépendances	2026-10-06T09:24:34.3616368Z Collecting packaging (from pytest==8.3.4->-r requirements-dev.txt (line 2))
test (Python 3.13)	Installer les dépendances	2026-10-06T09:24:34.3627868Z   Using cached packaging-26.3-py3-none-any.whl.metadata (3.5 kB)
test (Python 3.13)	Installer les dépendances	2026-10-06T09:24:34.3682232Z Collecting pluggy<2,>=1.5 (from pytest==8.3.4->-r requirements-dev.txt (line 2))
test (Python 3.13)	Installer les dépendances	2026-10-06T09:24:34.3693616Z   Using cached pluggy-1.6.0-py3-none-any.whl.metadata (4.8 kB)
test (Python 3.13)	Installer les dépendances	2026-10-06T09:24:34.3819058Z Collecting anyio (from httpx==0.28.1->-r requirements-dev.txt (line 3))
test (Python 3.13)	Installer les dépendances	2026-10-06T09:24:34.3831163Z   Using cached anyio-4.15.1-py3-none-any.whl.metadata (4.7 kB)
test (Python 3.13)	Installer les dépendances	2026-10-06T09:24:34.3921949Z Collecting httpcore==1.* (from httpx==0.28.1->-r requirements-dev.txt (line 3))
test (Python 3.13)	Installer les dépendances	2026-10-06T09:24:34.3934678Z   Using cached httpcore-1.0.9-py3-none-any.whl.metadata (21 kB)
test (Python 3.13)	Installer les dépendances	2026-10-06T09:24:34.4022781Z Collecting annotated-types>=0.6.0 (from pydantic!=1.8,!=1.8.1,!=2.0.0,!=2.0.1,!=2.1.0,<3.0.0,>=1.7.4->fastapi==0.115.6->-r /home/runner/work/cicd-fil-rouge/cicd-fil-rouge/requirements.txt (line 1))
test (Python 3.13)	Installer les dépendances	2026-10-06T09:24:34.4036774Z   Using cached annotated_types-0.8.0-py3-none-any.whl.metadata (15 kB)
test (Python 3.13)	Installer les dépendances	2026-10-06T09:24:34.9996033Z Collecting pydantic-core==2.46.5 (from pydantic!=1.8,!=1.8.1,!=2.0.0,!=2.0.1,!=2.1.0,<3.0.0,>=1.7.4->fastapi==0.115.6->-r /home/runner/work/cicd-fil-rouge/cicd-fil-rouge/requirements.txt (line 1))
test (Python 3.13)	Installer les dépendances	2026-10-06T09:24:35.0009446Z   Using cached pydantic_core-2.46.5-cp313-cp313-manylinux_2_17_x86_64.manylinux2014_x86_64.whl.metadata (6.6 kB)
test (Python 3.13)	Installer les dépendances	2026-10-06T09:24:35.0064041Z Collecting typing-inspection>=0.4.2 (from pydantic!=1.8,!=1.8.1,!=2.0.0,!=2.0.1,!=2.1.0,<3.0.0,>=1.7.4->fastapi==0.115.6->-r /home/runner/work/cicd-fil-rouge/cicd-fil-rouge/requirements.txt (line 1))
test (Python 3.13)	Installer les dépendances	2026-10-06T09:24:35.0075459Z   Using cached typing_inspection-0.4.4-py3-none-any.whl.metadata (2.6 kB)
test (Python 3.13)	Installer les dépendances	2026-10-06T09:24:35.0185123Z Using cached fastapi-0.115.6-py3-none-any.whl (94 kB)
test (Python 3.13)	Installer les dépendances	2026-10-06T09:24:35.0196572Z Using cached uvicorn-0.32.1-py3-none-any.whl (63 kB)
test (Python 3.13)	Installer les dépendances	2026-10-06T09:24:35.0208250Z Using cached requests-2.25.1-py2.py3-none-any.whl (61 kB)
test (Python 3.13)	Installer les dépendances	2026-10-06T09:24:35.0219452Z Using cached pytest-8.3.4-py3-none-any.whl (343 kB)
test (Python 3.13)	Installer les dépendances	2026-10-06T09:24:35.0232225Z Using cached httpx-0.28.1-py3-none-any.whl (73 kB)
test (Python 3.13)	Installer les dépendances	2026-10-06T09:24:35.0244969Z Using cached ruff-0.8.4-py3-none-manylinux_2_17_x86_64.manylinux2014_x86_64.whl (11.2 MB)
test (Python 3.13)	Installer les dépendances	2026-10-06T09:24:35.0298998Z Using cached chardet-4.0.0-py2.py3-none-any.whl (178 kB)
test (Python 3.13)	Installer les dépendances	2026-10-06T09:24:35.0311429Z Using cached httpcore-1.0.9-py3-none-any.whl (78 kB)
test (Python 3.13)	Installer les dépendances	2026-10-06T09:24:35.0323633Z Using cached idna-2.10-py2.py3-none-any.whl (58 kB)
test (Python 3.13)	Installer les dépendances	2026-10-06T09:24:35.0335153Z Using cached pluggy-1.6.0-py3-none-any.whl (20 kB)
test (Python 3.13)	Installer les dépendances	2026-10-06T09:24:35.0346671Z Using cached pydantic-2.13.5-py3-none-any.whl (472 kB)
test (Python 3.13)	Installer les dépendances	2026-10-06T09:24:35.0359858Z Using cached pydantic_core-2.46.5-cp313-cp313-manylinux_2_17_x86_64.manylinux2014_x86_64.whl (2.1 MB)
test (Python 3.13)	Installer les dépendances	2026-10-06T09:24:35.0378394Z Using cached starlette-0.41.3-py3-none-any.whl (73 kB)
test (Python 3.13)	Installer les dépendances	2026-10-06T09:24:35.0389706Z Using cached anyio-4.15.1-py3-none-any.whl (132 kB)
test (Python 3.13)	Installer les dépendances	2026-10-06T09:24:35.0401154Z Using cached urllib3-1.26.20-py2.py3-none-any.whl (144 kB)
test (Python 3.13)	Installer les dépendances	2026-10-06T09:24:35.0414035Z Using cached annotated_types-0.8.0-py3-none-any.whl (13 kB)
test (Python 3.13)	Installer les dépendances	2026-10-06T09:24:35.0425227Z Using cached certifi-2026.7.22-py3-none-any.whl (136 kB)
test (Python 3.13)	Installer les dépendances	2026-10-06T09:24:35.0436601Z Using cached click-8.5.0-py3-none-any.whl (125 kB)
test (Python 3.13)	Installer les dépendances	2026-10-06T09:24:35.0448033Z Using cached h11-0.16.0-py3-none-any.whl (37 kB)
test (Python 3.13)	Installer les dépendances	2026-10-06T09:24:35.0459256Z Using cached typing_extensions-4.16.0-py3-none-any.whl (45 kB)
test (Python 3.13)	Installer les dépendances	2026-10-06T09:24:35.0470418Z Using cached typing_inspection-0.4.4-py3-none-any.whl (14 kB)
test (Python 3.13)	Installer les dépendances	2026-10-06T09:24:35.0481477Z Using cached iniconfig-2.3.0-py3-none-any.whl (7.5 kB)
test (Python 3.13)	Installer les dépendances	2026-10-06T09:24:35.0492860Z Using cached packaging-26.3-py3-none-any.whl (129 kB)
test (Python 3.13)	Installer les dépendances	2026-10-06T09:24:35.2206487Z Installing collected packages: urllib3, typing-extensions, ruff, pluggy, packaging, iniconfig, idna, h11, click, chardet, certifi, annotated-types, uvicorn, typing-inspection, requests, pytest, pydantic-core, httpcore, anyio, starlette, pydantic, httpx, fastapi
test (Python 3.13)	Installer les dépendances	2026-10-06T09:24:37.0795503Z 
test (Python 3.13)	Installer les dépendances	2026-10-06T09:24:37.0828064Z Successfully installed annotated-types-0.8.0 anyio-4.15.1 certifi-2026.7.22 chardet-4.0.0 click-8.5.0 fastapi-0.115.6 h11-0.16.0 httpcore-1.0.9 httpx-0.28.1 idna-2.10 iniconfig-2.3.0 packaging-26.3 pluggy-1.6.0 pydantic-2.13.5 pydantic-core-2.46.5 pytest-8.3.4 requests-2.25.1 ruff-0.8.4 starlette-0.41.3 typing-extensions-4.16.0 typing-inspection-0.4.4 urllib3-1.26.20 uvicorn-0.32.1
test (Python 3.13)	Run python -m pytest --junitxml=reports/junit.xml	﻿2026-10-06T09:24:37.2064541Z ##[group]Run python -m pytest --junitxml=reports/junit.xml
test (Python 3.13)	Run python -m pytest --junitxml=reports/junit.xml	2026-10-06T09:24:37.2065069Z ^[[36;1mpython -m pytest --junitxml=reports/junit.xml^[[0m
test (Python 3.13)	Run python -m pytest --junitxml=reports/junit.xml	2026-10-06T09:24:37.2129934Z shell: /usr/bin/bash -e {0}
test (Python 3.13)	Run python -m pytest --junitxml=reports/junit.xml	2026-10-06T09:24:37.2130248Z env:
test (Python 3.13)	Run python -m pytest --junitxml=reports/junit.xml	2026-10-06T09:24:37.2130572Z   pythonLocation: /opt/hostedtoolcache/Python/3.13.15/x64
test (Python 3.13)	Run python -m pytest --junitxml=reports/junit.xml	2026-10-06T09:24:37.2131273Z   PKG_CONFIG_PATH: /opt/hostedtoolcache/Python/3.13.15/x64/lib/pkgconfig
test (Python 3.13)	Run python -m pytest --junitxml=reports/junit.xml	2026-10-06T09:24:37.2131814Z   Python_ROOT_DIR: /opt/hostedtoolcache/Python/3.13.15/x64
test (Python 3.13)	Run python -m pytest --junitxml=reports/junit.xml	2026-10-06T09:24:37.2132297Z   Python2_ROOT_DIR: /opt/hostedtoolcache/Python/3.13.15/x64
test (Python 3.13)	Run python -m pytest --junitxml=reports/junit.xml	2026-10-06T09:24:37.2132779Z   Python3_ROOT_DIR: /opt/hostedtoolcache/Python/3.13.15/x64
test (Python 3.13)	Run python -m pytest --junitxml=reports/junit.xml	2026-10-06T09:24:37.2133279Z   LD_LIBRARY_PATH: /opt/hostedtoolcache/Python/3.13.15/x64/lib
test (Python 3.13)	Run python -m pytest --junitxml=reports/junit.xml	2026-10-06T09:24:37.2133682Z ##[endgroup]
test (Python 3.13)	Run python -m pytest --junitxml=reports/junit.xml	2026-10-06T09:24:38.6267887Z ============================= test session starts ==============================
test (Python 3.13)	Run python -m pytest --junitxml=reports/junit.xml	2026-10-06T09:24:38.6268821Z platform linux -- Python 3.13.15, pytest-8.3.4, pluggy-1.6.0
test (Python 3.13)	Run python -m pytest --junitxml=reports/junit.xml	2026-10-06T09:24:38.6269678Z rootdir: /home/runner/work/cicd-fil-rouge/cicd-fil-rouge
test (Python 3.13)	Run python -m pytest --junitxml=reports/junit.xml	2026-10-06T09:24:38.6270307Z configfile: pyproject.toml
test (Python 3.13)	Run python -m pytest --junitxml=reports/junit.xml	2026-10-06T09:24:38.6271087Z testpaths: tests
test (Python 3.13)	Run python -m pytest --junitxml=reports/junit.xml	2026-10-06T09:24:38.6271516Z plugins: anyio-4.15.1
test (Python 3.13)	Run python -m pytest --junitxml=reports/junit.xml	2026-10-06T09:24:38.6271929Z collected 9 items
test (Python 3.13)	Run python -m pytest --junitxml=reports/junit.xml	2026-10-06T09:24:38.6272147Z 
test (Python 3.13)	Run python -m pytest --junitxml=reports/junit.xml	2026-10-06T09:24:38.7121867Z tests/test_health.py .                                                   [ 11%]
test (Python 3.13)	Run python -m pytest --junitxml=reports/junit.xml	2026-10-06T09:24:39.3550984Z tests/test_tasks.py ........                                             [100%]
test (Python 3.13)	Run python -m pytest --junitxml=reports/junit.xml	2026-10-06T09:24:39.3551603Z 
test (Python 3.13)	Run python -m pytest --junitxml=reports/junit.xml	2026-10-06T09:24:39.3551880Z =============================== warnings summary ===============================
test (Python 3.13)	Run python -m pytest --junitxml=reports/junit.xml	2026-10-06T09:24:39.3552986Z ../../../../../opt/hostedtoolcache/Python/3.13.15/x64/lib/python3.13/site-packages/starlette/testclient.py:40
test (Python 3.13)	Run python -m pytest --junitxml=reports/junit.xml	2026-10-06T09:24:39.3555084Z   /opt/hostedtoolcache/Python/3.13.15/x64/lib/python3.13/site-packages/starlette/testclient.py:40: DeprecationWarning: The anyio.abc.BlockingPortal alias is deprecated, use anyio.from_thread.BlockingPortal instead.
test (Python 3.13)	Run python -m pytest --junitxml=reports/junit.xml	2026-10-06T09:24:39.3557030Z     _PortalFactoryType = typing.Callable[[], typing.ContextManager[anyio.abc.BlockingPortal]]
test (Python 3.13)	Run python -m pytest --junitxml=reports/junit.xml	2026-10-06T09:24:39.3557671Z 
test (Python 3.13)	Run python -m pytest --junitxml=reports/junit.xml	2026-10-06T09:24:39.3558051Z -- Docs: https://docs.pytest.org/en/stable/how-to/capture-warnings.html
test (Python 3.13)	Run python -m pytest --junitxml=reports/junit.xml	2026-10-06T09:24:39.3558952Z - generated xml file: /home/runner/work/cicd-fil-rouge/cicd-fil-rouge/reports/junit.xml -
test (Python 3.13)	Run python -m pytest --junitxml=reports/junit.xml	2026-10-06T09:24:39.3559771Z ========================= 9 passed, 1 warning in 0.74s =========================
test (Python 3.13)	Conserver le rapport de tests	﻿2026-10-06T09:24:39.4363035Z ##[group]Run actions/upload-artifact@ea165f8d65b6e75b540449e92b4886f43607fa02
test (Python 3.13)	Conserver le rapport de tests	2026-10-06T09:24:39.4363513Z with:
test (Python 3.13)	Conserver le rapport de tests	2026-10-06T09:24:39.4363750Z   name: pytest-3.13
test (Python 3.13)	Conserver le rapport de tests	2026-10-06T09:24:39.4363978Z   path: reports/junit.xml
test (Python 3.13)	Conserver le rapport de tests	2026-10-06T09:24:39.4364225Z   if-no-files-found: error
test (Python 3.13)	Conserver le rapport de tests	2026-10-06T09:24:39.4364459Z   retention-days: 14
test (Python 3.13)	Conserver le rapport de tests	2026-10-06T09:24:39.4364674Z   compression-level: 6
test (Python 3.13)	Conserver le rapport de tests	2026-10-06T09:24:39.4364893Z   overwrite: false
test (Python 3.13)	Conserver le rapport de tests	2026-10-06T09:24:39.4365112Z   include-hidden-files: false
test (Python 3.13)	Conserver le rapport de tests	2026-10-06T09:24:39.4365344Z env:
test (Python 3.13)	Conserver le rapport de tests	2026-10-06T09:24:39.4365604Z   pythonLocation: /opt/hostedtoolcache/Python/3.13.15/x64
test (Python 3.13)	Conserver le rapport de tests	2026-10-06T09:24:39.4366054Z   PKG_CONFIG_PATH: /opt/hostedtoolcache/Python/3.13.15/x64/lib/pkgconfig
test (Python 3.13)	Conserver le rapport de tests	2026-10-06T09:24:39.4366494Z   Python_ROOT_DIR: /opt/hostedtoolcache/Python/3.13.15/x64
test (Python 3.13)	Conserver le rapport de tests	2026-10-06T09:24:39.4366880Z   Python2_ROOT_DIR: /opt/hostedtoolcache/Python/3.13.15/x64
test (Python 3.13)	Conserver le rapport de tests	2026-10-06T09:24:39.4367284Z   Python3_ROOT_DIR: /opt/hostedtoolcache/Python/3.13.15/x64
test (Python 3.13)	Conserver le rapport de tests	2026-10-06T09:24:39.4367688Z   LD_LIBRARY_PATH: /opt/hostedtoolcache/Python/3.13.15/x64/lib
test (Python 3.13)	Conserver le rapport de tests	2026-10-06T09:24:39.4368058Z ##[endgroup]
test (Python 3.13)	Conserver le rapport de tests	2026-10-06T09:24:39.6172905Z (node:2360) [DEP0040] DeprecationWarning: The `punycode` module is deprecated. Please use a userland alternative instead.
test (Python 3.13)	Conserver le rapport de tests	2026-10-06T09:24:39.6174874Z (Use `node --trace-deprecation ...` to show where the warning was created)
test (Python 3.13)	Conserver le rapport de tests	2026-10-06T09:24:39.6234883Z With the provided path, there will be 1 file uploaded
test (Python 3.13)	Conserver le rapport de tests	2026-10-06T09:24:39.6238218Z Artifact name is valid!
test (Python 3.13)	Conserver le rapport de tests	2026-10-06T09:24:39.6239299Z Root directory input is valid!
test (Python 3.13)	Conserver le rapport de tests	2026-10-06T09:24:40.0032027Z Beginning upload of artifact content to blob storage
test (Python 3.13)	Conserver le rapport de tests	2026-10-06T09:24:40.0230011Z (node:2360) [DEP0169] DeprecationWarning: `url.parse()` behavior is not standardized and prone to errors that have security implications. Use the WHATWG URL API instead. CVEs are not issued for `url.parse()` vulnerabilities.
test (Python 3.13)	Conserver le rapport de tests	2026-10-06T09:24:40.2997982Z Uploaded bytes 455
test (Python 3.13)	Conserver le rapport de tests	2026-10-06T09:24:40.3782016Z Finished uploading artifact content to blob storage!
test (Python 3.13)	Conserver le rapport de tests	2026-10-06T09:24:40.3783538Z SHA256 digest of uploaded artifact zip is 2dcb70b08d2169e2cdb304a2d607f7b93e3589b7fa7062f38018432a0935f9be
test (Python 3.13)	Conserver le rapport de tests	2026-10-06T09:24:40.3784725Z Finalizing artifact upload
test (Python 3.13)	Conserver le rapport de tests	2026-10-06T09:24:40.6622502Z Artifact pytest-3.13.zip successfully finalized. Artifact ID 11401119774
test (Python 3.13)	Conserver le rapport de tests	2026-10-06T09:24:40.6623824Z Artifact pytest-3.13 has been successfully uploaded! Final size is 455 bytes. Artifact ID is 11401119774
test (Python 3.13)	Conserver le rapport de tests	2026-10-06T09:24:40.6625413Z Artifact download URL: https://github.com/Waddenn/cicd-fil-rouge/actions/runs/37442392450/artifacts/11401119774
test (Python 3.13)	Post Run actions/setup-python@5fda3b95a4ea91299a34e894583c3862153e4b97	﻿2026-10-06T09:24:40.6802456Z Post job cleanup.
test (Python 3.13)	Post Run actions/setup-python@5fda3b95a4ea91299a34e894583c3862153e4b97	2026-10-06T09:24:40.7976401Z Cache hit occurred on the primary key setup-python-Linux-x64-24.04-Ubuntu-python-3.13.15-pip-0cc5f5eab56f1237ba4586eceac9729a233f92348fa5d801507e7755cbf34434, not saving cache.
test (Python 3.13)	Post Run actions/checkout@3d3c42e5aac5ba805825da76410c181273ba90b1	﻿2026-10-06T09:24:40.8113051Z Post job cleanup.
test (Python 3.13)	Post Run actions/checkout@3d3c42e5aac5ba805825da76410c181273ba90b1	2026-10-06T09:24:40.8962983Z [command]/usr/bin/git version
test (Python 3.13)	Post Run actions/checkout@3d3c42e5aac5ba805825da76410c181273ba90b1	2026-10-06T09:24:40.9021723Z git version 2.55.0
test (Python 3.13)	Post Run actions/checkout@3d3c42e5aac5ba805825da76410c181273ba90b1	2026-10-06T09:24:40.9084050Z Temporarily overriding HOME='/home/runner/work/_temp/2a2939a6-5a0c-4472-aff3-0df1f6c37ff6' before making global git config changes
test (Python 3.13)	Post Run actions/checkout@3d3c42e5aac5ba805825da76410c181273ba90b1	2026-10-06T09:24:40.9085690Z Adding repository directory to the temporary git global config as a safe directory
test (Python 3.13)	Post Run actions/checkout@3d3c42e5aac5ba805825da76410c181273ba90b1	2026-10-06T09:24:40.9087145Z [command]/usr/bin/git config --global --add safe.directory /home/runner/work/cicd-fil-rouge/cicd-fil-rouge
test (Python 3.13)	Post Run actions/checkout@3d3c42e5aac5ba805825da76410c181273ba90b1	2026-10-06T09:24:40.9112146Z Removing SSH command configuration
test (Python 3.13)	Post Run actions/checkout@3d3c42e5aac5ba805825da76410c181273ba90b1	2026-10-06T09:24:40.9121747Z [command]/usr/bin/git config --local --name-only --get-regexp core\.sshCommand
test (Python 3.13)	Post Run actions/checkout@3d3c42e5aac5ba805825da76410c181273ba90b1	2026-10-06T09:24:40.9159975Z [command]/usr/bin/git submodule foreach --recursive sh -c "git config --local --name-only --get-regexp 'core\.sshCommand' && git config --local --unset-all 'core.sshCommand' || :"
test (Python 3.13)	Post Run actions/checkout@3d3c42e5aac5ba805825da76410c181273ba90b1	2026-10-06T09:24:40.9452352Z Removing HTTP extra header
test (Python 3.13)	Post Run actions/checkout@3d3c42e5aac5ba805825da76410c181273ba90b1	2026-10-06T09:24:40.9460094Z [command]/usr/bin/git config --local --name-only --get-regexp http\.https\:\/\/github\.com\/\.extraheader
test (Python 3.13)	Post Run actions/checkout@3d3c42e5aac5ba805825da76410c181273ba90b1	2026-10-06T09:24:40.9513219Z [command]/usr/bin/git submodule foreach --recursive sh -c "git config --local --name-only --get-regexp 'http\.https\:\/\/github\.com\/\.extraheader' && git config --local --unset-all 'http.https://github.com/.extraheader' || :"
test (Python 3.13)	Post Run actions/checkout@3d3c42e5aac5ba805825da76410c181273ba90b1	2026-10-06T09:24:40.9845586Z Removing includeIf entries pointing to credentials config files
test (Python 3.13)	Post Run actions/checkout@3d3c42e5aac5ba805825da76410c181273ba90b1	2026-10-06T09:24:40.9855225Z [command]/usr/bin/git config --local --name-only --get-regexp ^includeIf\.gitdir:
test (Python 3.13)	Post Run actions/checkout@3d3c42e5aac5ba805825da76410c181273ba90b1	2026-10-06T09:24:40.9889689Z includeif.gitdir:/home/runner/work/cicd-fil-rouge/cicd-fil-rouge/.git.path
test (Python 3.13)	Post Run actions/checkout@3d3c42e5aac5ba805825da76410c181273ba90b1	2026-10-06T09:24:40.9892740Z includeif.gitdir:/home/runner/work/cicd-fil-rouge/cicd-fil-rouge/.git/worktrees/*.path
test (Python 3.13)	Post Run actions/checkout@3d3c42e5aac5ba805825da76410c181273ba90b1	2026-10-06T09:24:40.9894051Z includeif.gitdir:/github/workspace/.git.path
test (Python 3.13)	Post Run actions/checkout@3d3c42e5aac5ba805825da76410c181273ba90b1	2026-10-06T09:24:40.9895080Z includeif.gitdir:/github/workspace/.git/worktrees/*.path
test (Python 3.13)	Post Run actions/checkout@3d3c42e5aac5ba805825da76410c181273ba90b1	2026-10-06T09:24:40.9903811Z [command]/usr/bin/git config --local --get-all includeif.gitdir:/home/runner/work/cicd-fil-rouge/cicd-fil-rouge/.git.path
test (Python 3.13)	Post Run actions/checkout@3d3c42e5aac5ba805825da76410c181273ba90b1	2026-10-06T09:24:40.9933307Z /home/runner/work/_temp/git-credentials-bfdfb371-0da3-4bb8-b2b3-f21404af8860.config
test (Python 3.13)	Post Run actions/checkout@3d3c42e5aac5ba805825da76410c181273ba90b1	2026-10-06T09:24:40.9948226Z [command]/usr/bin/git config --local --unset includeif.gitdir:/home/runner/work/cicd-fil-rouge/cicd-fil-rouge/.git.path \/home\/runner\/work\/_temp\/git\-credentials\-bfdfb371\-0da3\-4bb8\-b2b3\-f21404af8860\.config
test (Python 3.13)	Post Run actions/checkout@3d3c42e5aac5ba805825da76410c181273ba90b1	2026-10-06T09:24:40.9997845Z [command]/usr/bin/git config --local --get-all includeif.gitdir:/home/runner/work/cicd-fil-rouge/cicd-fil-rouge/.git/worktrees/*.path
test (Python 3.13)	Post Run actions/checkout@3d3c42e5aac5ba805825da76410c181273ba90b1	2026-10-06T09:24:41.0029706Z /home/runner/work/_temp/git-credentials-bfdfb371-0da3-4bb8-b2b3-f21404af8860.config
test (Python 3.13)	Post Run actions/checkout@3d3c42e5aac5ba805825da76410c181273ba90b1	2026-10-06T09:24:41.0044146Z [command]/usr/bin/git config --local --unset includeif.gitdir:/home/runner/work/cicd-fil-rouge/cicd-fil-rouge/.git/worktrees/*.path \/home\/runner\/work\/_temp\/git\-credentials\-bfdfb371\-0da3\-4bb8\-b2b3\-f21404af8860\.config
test (Python 3.13)	Post Run actions/checkout@3d3c42e5aac5ba805825da76410c181273ba90b1	2026-10-06T09:24:41.0098475Z [command]/usr/bin/git config --local --get-all includeif.gitdir:/github/workspace/.git.path
test (Python 3.13)	Post Run actions/checkout@3d3c42e5aac5ba805825da76410c181273ba90b1	2026-10-06T09:24:41.0129418Z /github/runner_temp/git-credentials-bfdfb371-0da3-4bb8-b2b3-f21404af8860.config
test (Python 3.13)	Post Run actions/checkout@3d3c42e5aac5ba805825da76410c181273ba90b1	2026-10-06T09:24:41.0139032Z [command]/usr/bin/git config --local --unset includeif.gitdir:/github/workspace/.git.path \/github\/runner_temp\/git\-credentials\-bfdfb371\-0da3\-4bb8\-b2b3\-f21404af8860\.config
test (Python 3.13)	Post Run actions/checkout@3d3c42e5aac5ba805825da76410c181273ba90b1	2026-10-06T09:24:41.0182978Z [command]/usr/bin/git config --local --get-all includeif.gitdir:/github/workspace/.git/worktrees/*.path
test (Python 3.13)	Post Run actions/checkout@3d3c42e5aac5ba805825da76410c181273ba90b1	2026-10-06T09:24:41.0213611Z /github/runner_temp/git-credentials-bfdfb371-0da3-4bb8-b2b3-f21404af8860.config
test (Python 3.13)	Post Run actions/checkout@3d3c42e5aac5ba805825da76410c181273ba90b1	2026-10-06T09:24:41.0226875Z [command]/usr/bin/git config --local --unset includeif.gitdir:/github/workspace/.git/worktrees/*.path \/github\/runner_temp\/git\-credentials\-bfdfb371\-0da3\-4bb8\-b2b3\-f21404af8860\.config
test (Python 3.13)	Post Run actions/checkout@3d3c42e5aac5ba805825da76410c181273ba90b1	2026-10-06T09:24:41.0274083Z [command]/usr/bin/git submodule foreach --recursive git config --local --show-origin --name-only --get-regexp remote.origin.url
test (Python 3.13)	Post Run actions/checkout@3d3c42e5aac5ba805825da76410c181273ba90b1	2026-10-06T09:24:41.0541559Z Removing credentials config '/home/runner/work/_temp/git-credentials-bfdfb371-0da3-4bb8-b2b3-f21404af8860.config'
test (Python 3.13)	Complete job	﻿2026-10-06T09:24:41.0718504Z Cleaning up orphan processes
test (Python 3.13)	Complete job	2026-10-06T09:24:41.1216750Z ##[warning]Node.js 20 is deprecated. The following actions target Node.js 20 but are being forced to run on Node.js 24: actions/upload-artifact@ea165f8d65b6e75b540449e92b4886f43607fa02. For more information see: https://github.blog/changelog/2025-09-19-deprecation-of-node-20-on-github-actions-runners/
test (Python 3.12)	Set up job	﻿2026-10-06T09:24:28.9048052Z Current runner version: '2.337.0'
test (Python 3.12)	Set up job	2026-10-06T09:24:28.9078624Z ##[group]Runner Image Provisioner
test (Python 3.12)	Set up job	2026-10-06T09:24:28.9079757Z Hosted Compute Agent
test (Python 3.12)	Set up job	2026-10-06T09:24:28.9080492Z Version: 20260901.588
test (Python 3.12)	Set up job	2026-10-06T09:24:28.9081234Z Commit: f88ec8081b781fac6c440065ac7ff9e710ce3d0b
test (Python 3.12)	Set up job	2026-10-06T09:24:28.9082224Z Build Date: 2026-09-01T19:56:44Z
test (Python 3.12)	Set up job	2026-10-06T09:24:28.9083037Z Worker ID: {495da5fc-aee3-479f-99e2-b0cef6e179bf}
test (Python 3.12)	Set up job	2026-10-06T09:24:28.9084013Z Azure Region: eastus
test (Python 3.12)	Set up job	2026-10-06T09:24:28.9084726Z ##[endgroup]
test (Python 3.12)	Set up job	2026-10-06T09:24:28.9086301Z ##[group]Operating System
test (Python 3.12)	Set up job	2026-10-06T09:24:28.9087131Z Ubuntu
test (Python 3.12)	Set up job	2026-10-06T09:24:28.9087743Z 24.04.5
test (Python 3.12)	Set up job	2026-10-06T09:24:28.9088500Z LTS
test (Python 3.12)	Set up job	2026-10-06T09:24:28.9089344Z ##[endgroup]
test (Python 3.12)	Set up job	2026-10-06T09:24:28.9089991Z ##[group]Runner Image
test (Python 3.12)	Set up job	2026-10-06T09:24:28.9090806Z Image: ubuntu-24.04
test (Python 3.12)	Set up job	2026-10-06T09:24:28.9091524Z Version: 20260927.320.1
test (Python 3.12)	Set up job	2026-10-06T09:24:28.9093370Z Included Software: https://github.com/actions/runner-images/blob/ubuntu24/20260927.320/images/ubuntu/Ubuntu2404-Readme.md
test (Python 3.12)	Set up job	2026-10-06T09:24:28.9095609Z Image Release: https://github.com/actions/runner-images/releases/tag/ubuntu24%2F20260927.320
test (Python 3.12)	Set up job	2026-10-06T09:24:28.9096816Z ##[endgroup]
test (Python 3.12)	Set up job	2026-10-06T09:24:28.9098219Z ##[group]GITHUB_TOKEN Permissions
test (Python 3.12)	Set up job	2026-10-06T09:24:28.9100782Z Contents: read
test (Python 3.12)	Set up job	2026-10-06T09:24:28.9101480Z Metadata: read
test (Python 3.12)	Set up job	2026-10-06T09:24:28.9102249Z ##[endgroup]
test (Python 3.12)	Set up job	2026-10-06T09:24:28.9104634Z Secret source: Actions
test (Python 3.12)	Set up job	2026-10-06T09:24:28.9105878Z Cache mode: write
test (Python 3.12)	Set up job	2026-10-06T09:24:28.9106953Z Prepare workflow directory
test (Python 3.12)	Set up job	2026-10-06T09:24:28.9472727Z Prepare all required actions
test (Python 3.12)	Set up job	2026-10-06T09:24:28.9527624Z Getting action download info
test (Python 3.12)	Set up job	2026-10-06T09:24:29.1472925Z Download action repository 'actions/checkout@3d3c42e5aac5ba805825da76410c181273ba90b1' (SHA:3d3c42e5aac5ba805825da76410c181273ba90b1)
test (Python 3.12)	Set up job	2026-10-06T09:24:29.5773504Z Download action repository 'actions/setup-python@5fda3b95a4ea91299a34e894583c3862153e4b97' (SHA:5fda3b95a4ea91299a34e894583c3862153e4b97)
test (Python 3.12)	Set up job	2026-10-06T09:24:29.7515165Z Download action repository 'actions/upload-artifact@ea165f8d65b6e75b540449e92b4886f43607fa02' (SHA:ea165f8d65b6e75b540449e92b4886f43607fa02)
test (Python 3.12)	Set up job	2026-10-06T09:24:30.1337162Z Complete job name: test (Python 3.12)
test (Python 3.12)	Run actions/checkout@3d3c42e5aac5ba805825da76410c181273ba90b1	﻿2026-10-06T09:24:30.2089655Z ##[group]Run actions/checkout@3d3c42e5aac5ba805825da76410c181273ba90b1
test (Python 3.12)	Run actions/checkout@3d3c42e5aac5ba805825da76410c181273ba90b1	2026-10-06T09:24:30.2091133Z with:
test (Python 3.12)	Run actions/checkout@3d3c42e5aac5ba805825da76410c181273ba90b1	2026-10-06T09:24:30.2091855Z   repository: Waddenn/cicd-fil-rouge
test (Python 3.12)	Run actions/checkout@3d3c42e5aac5ba805825da76410c181273ba90b1	2026-10-06T09:24:30.2098647Z   token: ***
test (Python 3.12)	Run actions/checkout@3d3c42e5aac5ba805825da76410c181273ba90b1	2026-10-06T09:24:30.2099474Z   ssh-strict: true
test (Python 3.12)	Run actions/checkout@3d3c42e5aac5ba805825da76410c181273ba90b1	2026-10-06T09:24:30.2100193Z   ssh-user: git
test (Python 3.12)	Run actions/checkout@3d3c42e5aac5ba805825da76410c181273ba90b1	2026-10-06T09:24:30.2100907Z   persist-credentials: true
test (Python 3.12)	Run actions/checkout@3d3c42e5aac5ba805825da76410c181273ba90b1	2026-10-06T09:24:30.2101693Z   clean: true
test (Python 3.12)	Run actions/checkout@3d3c42e5aac5ba805825da76410c181273ba90b1	2026-10-06T09:24:30.2102414Z   sparse-checkout-cone-mode: true
test (Python 3.12)	Run actions/checkout@3d3c42e5aac5ba805825da76410c181273ba90b1	2026-10-06T09:24:30.2103263Z   fetch-depth: 1
test (Python 3.12)	Run actions/checkout@3d3c42e5aac5ba805825da76410c181273ba90b1	2026-10-06T09:24:30.2103975Z   fetch-tags: false
test (Python 3.12)	Run actions/checkout@3d3c42e5aac5ba805825da76410c181273ba90b1	2026-10-06T09:24:30.2104691Z   show-progress: true
test (Python 3.12)	Run actions/checkout@3d3c42e5aac5ba805825da76410c181273ba90b1	2026-10-06T09:24:30.2105422Z   lfs: false
test (Python 3.12)	Run actions/checkout@3d3c42e5aac5ba805825da76410c181273ba90b1	2026-10-06T09:24:30.2106094Z   submodules: false
test (Python 3.12)	Run actions/checkout@3d3c42e5aac5ba805825da76410c181273ba90b1	2026-10-06T09:24:30.2106826Z   set-safe-directory: true
test (Python 3.12)	Run actions/checkout@3d3c42e5aac5ba805825da76410c181273ba90b1	2026-10-06T09:24:30.2107642Z   allow-unsafe-pr-checkout: false
test (Python 3.12)	Run actions/checkout@3d3c42e5aac5ba805825da76410c181273ba90b1	2026-10-06T09:24:30.2108784Z ##[endgroup]
test (Python 3.12)	Run actions/checkout@3d3c42e5aac5ba805825da76410c181273ba90b1	2026-10-06T09:24:30.2977708Z Syncing repository: Waddenn/cicd-fil-rouge
test (Python 3.12)	Run actions/checkout@3d3c42e5aac5ba805825da76410c181273ba90b1	2026-10-06T09:24:30.2981435Z ##[group]Getting Git version info
test (Python 3.12)	Run actions/checkout@3d3c42e5aac5ba805825da76410c181273ba90b1	2026-10-06T09:24:30.2983332Z Working directory is '/home/runner/work/cicd-fil-rouge/cicd-fil-rouge'
test (Python 3.12)	Run actions/checkout@3d3c42e5aac5ba805825da76410c181273ba90b1	2026-10-06T09:24:30.2986030Z [command]/usr/bin/git version
test (Python 3.12)	Run actions/checkout@3d3c42e5aac5ba805825da76410c181273ba90b1	2026-10-06T09:24:30.4801716Z git version 2.55.0
test (Python 3.12)	Run actions/checkout@3d3c42e5aac5ba805825da76410c181273ba90b1	2026-10-06T09:24:30.4818151Z ##[endgroup]
test (Python 3.12)	Run actions/checkout@3d3c42e5aac5ba805825da76410c181273ba90b1	2026-10-06T09:24:30.4828409Z Temporarily overriding HOME='/home/runner/work/_temp/1c62a89a-4856-4b08-bb76-4bb2548ad622' before making global git config changes
test (Python 3.12)	Run actions/checkout@3d3c42e5aac5ba805825da76410c181273ba90b1	2026-10-06T09:24:30.4830980Z Adding repository directory to the temporary git global config as a safe directory
test (Python 3.12)	Run actions/checkout@3d3c42e5aac5ba805825da76410c181273ba90b1	2026-10-06T09:24:30.4833261Z [command]/usr/bin/git config --global --add safe.directory /home/runner/work/cicd-fil-rouge/cicd-fil-rouge
test (Python 3.12)	Run actions/checkout@3d3c42e5aac5ba805825da76410c181273ba90b1	2026-10-06T09:24:30.4878539Z Deleting the contents of '/home/runner/work/cicd-fil-rouge/cicd-fil-rouge'
test (Python 3.12)	Run actions/checkout@3d3c42e5aac5ba805825da76410c181273ba90b1	2026-10-06T09:24:30.4881652Z ##[group]Determining repository object format
test (Python 3.12)	Run actions/checkout@3d3c42e5aac5ba805825da76410c181273ba90b1	2026-10-06T09:24:30.4883677Z ##[endgroup]
test (Python 3.12)	Run actions/checkout@3d3c42e5aac5ba805825da76410c181273ba90b1	2026-10-06T09:24:30.4884839Z ##[group]Initializing the repository
test (Python 3.12)	Run actions/checkout@3d3c42e5aac5ba805825da76410c181273ba90b1	2026-10-06T09:24:30.4887115Z [command]/usr/bin/git init /home/runner/work/cicd-fil-rouge/cicd-fil-rouge
test (Python 3.12)	Run actions/checkout@3d3c42e5aac5ba805825da76410c181273ba90b1	2026-10-06T09:24:30.7648322Z hint: Using 'master' as the name for the initial branch. This default branch name
test (Python 3.12)	Run actions/checkout@3d3c42e5aac5ba805825da76410c181273ba90b1	2026-10-06T09:24:30.7650411Z hint: will change to "main" in Git 3.0. To configure the initial branch name
test (Python 3.12)	Run actions/checkout@3d3c42e5aac5ba805825da76410c181273ba90b1	2026-10-06T09:24:30.7651924Z hint: to use in all of your new repositories, which will suppress this warning,
test (Python 3.12)	Run actions/checkout@3d3c42e5aac5ba805825da76410c181273ba90b1	2026-10-06T09:24:30.7653146Z hint: call:
test (Python 3.12)	Run actions/checkout@3d3c42e5aac5ba805825da76410c181273ba90b1	2026-10-06T09:24:30.7653801Z hint:
test (Python 3.12)	Run actions/checkout@3d3c42e5aac5ba805825da76410c181273ba90b1	2026-10-06T09:24:30.7654627Z hint: 	git config --global init.defaultBranch <name>
test (Python 3.12)	Run actions/checkout@3d3c42e5aac5ba805825da76410c181273ba90b1	2026-10-06T09:24:30.7655620Z hint:
test (Python 3.12)	Run actions/checkout@3d3c42e5aac5ba805825da76410c181273ba90b1	2026-10-06T09:24:30.7656576Z hint: Names commonly chosen instead of 'master' are 'main', 'trunk' and
test (Python 3.12)	Run actions/checkout@3d3c42e5aac5ba805825da76410c181273ba90b1	2026-10-06T09:24:30.7658050Z hint: 'development'. The just-created branch can be renamed via this command:
test (Python 3.12)	Run actions/checkout@3d3c42e5aac5ba805825da76410c181273ba90b1	2026-10-06T09:24:30.7659349Z hint:
test (Python 3.12)	Run actions/checkout@3d3c42e5aac5ba805825da76410c181273ba90b1	2026-10-06T09:24:30.7660026Z hint: 	git branch -m <name>
test (Python 3.12)	Run actions/checkout@3d3c42e5aac5ba805825da76410c181273ba90b1	2026-10-06T09:24:30.7660865Z hint:
test (Python 3.12)	Run actions/checkout@3d3c42e5aac5ba805825da76410c181273ba90b1	2026-10-06T09:24:30.7661867Z hint: Disable this message with "git config set advice.defaultBranchName false"
test (Python 3.12)	Run actions/checkout@3d3c42e5aac5ba805825da76410c181273ba90b1	2026-10-06T09:24:30.7663596Z Initialized empty Git repository in /home/runner/work/cicd-fil-rouge/cicd-fil-rouge/.git/
test (Python 3.12)	Run actions/checkout@3d3c42e5aac5ba805825da76410c181273ba90b1	2026-10-06T09:24:30.7676054Z [command]/usr/bin/git remote add origin https://github.com/Waddenn/cicd-fil-rouge
test (Python 3.12)	Run actions/checkout@3d3c42e5aac5ba805825da76410c181273ba90b1	2026-10-06T09:24:30.8279795Z ##[endgroup]
test (Python 3.12)	Run actions/checkout@3d3c42e5aac5ba805825da76410c181273ba90b1	2026-10-06T09:24:30.8281289Z ##[group]Disabling automatic garbage collection
test (Python 3.12)	Run actions/checkout@3d3c42e5aac5ba805825da76410c181273ba90b1	2026-10-06T09:24:30.8282691Z [command]/usr/bin/git config --local gc.auto 0
test (Python 3.12)	Run actions/checkout@3d3c42e5aac5ba805825da76410c181273ba90b1	2026-10-06T09:24:30.8319598Z ##[endgroup]
test (Python 3.12)	Run actions/checkout@3d3c42e5aac5ba805825da76410c181273ba90b1	2026-10-06T09:24:30.8320822Z ##[group]Setting up auth
test (Python 3.12)	Run actions/checkout@3d3c42e5aac5ba805825da76410c181273ba90b1	2026-10-06T09:24:30.8321763Z Removing SSH command configuration
test (Python 3.12)	Run actions/checkout@3d3c42e5aac5ba805825da76410c181273ba90b1	2026-10-06T09:24:30.8324531Z [command]/usr/bin/git config --local --name-only --get-regexp core\.sshCommand
test (Python 3.12)	Run actions/checkout@3d3c42e5aac5ba805825da76410c181273ba90b1	2026-10-06T09:24:30.8358157Z [command]/usr/bin/git submodule foreach --recursive sh -c "git config --local --name-only --get-regexp 'core\.sshCommand' && git config --local --unset-all 'core.sshCommand' || :"
test (Python 3.12)	Run actions/checkout@3d3c42e5aac5ba805825da76410c181273ba90b1	2026-10-06T09:24:30.8751391Z Removing HTTP extra header
test (Python 3.12)	Run actions/checkout@3d3c42e5aac5ba805825da76410c181273ba90b1	2026-10-06T09:24:30.8757784Z [command]/usr/bin/git config --local --name-only --get-regexp http\.https\:\/\/github\.com\/\.extraheader
test (Python 3.12)	Run actions/checkout@3d3c42e5aac5ba805825da76410c181273ba90b1	2026-10-06T09:24:30.8794525Z [command]/usr/bin/git submodule foreach --recursive sh -c "git config --local --name-only --get-regexp 'http\.https\:\/\/github\.com\/\.extraheader' && git config --local --unset-all 'http.https://github.com/.extraheader' || :"
test (Python 3.12)	Run actions/checkout@3d3c42e5aac5ba805825da76410c181273ba90b1	2026-10-06T09:24:30.8991958Z Removing includeIf entries pointing to credentials config files
test (Python 3.12)	Run actions/checkout@3d3c42e5aac5ba805825da76410c181273ba90b1	2026-10-06T09:24:30.8995672Z [command]/usr/bin/git config --local --name-only --get-regexp ^includeIf\.gitdir:
test (Python 3.12)	Run actions/checkout@3d3c42e5aac5ba805825da76410c181273ba90b1	2026-10-06T09:24:30.9065608Z [command]/usr/bin/git submodule foreach --recursive git config --local --show-origin --name-only --get-regexp remote.origin.url
test (Python 3.12)	Run actions/checkout@3d3c42e5aac5ba805825da76410c181273ba90b1	2026-10-06T09:24:30.9292913Z [command]/usr/bin/git config --file /home/runner/work/_temp/git-credentials-c49f3c26-0f79-4d05-815d-aabb85f0c872.config http.https://github.com/.extraheader AUTHORIZATION: basic ***
test (Python 3.12)	Run actions/checkout@3d3c42e5aac5ba805825da76410c181273ba90b1	2026-10-06T09:24:30.9337993Z [command]/usr/bin/git config --local includeIf.gitdir:/home/runner/work/cicd-fil-rouge/cicd-fil-rouge/.git.path /home/runner/work/_temp/git-credentials-c49f3c26-0f79-4d05-815d-aabb85f0c872.config
test (Python 3.12)	Run actions/checkout@3d3c42e5aac5ba805825da76410c181273ba90b1	2026-10-06T09:24:30.9374361Z [command]/usr/bin/git config --local includeIf.gitdir:/home/runner/work/cicd-fil-rouge/cicd-fil-rouge/.git/worktrees/*.path /home/runner/work/_temp/git-credentials-c49f3c26-0f79-4d05-815d-aabb85f0c872.config
test (Python 3.12)	Run actions/checkout@3d3c42e5aac5ba805825da76410c181273ba90b1	2026-10-06T09:24:30.9415211Z [command]/usr/bin/git config --local includeIf.gitdir:/github/workspace/.git.path /github/runner_temp/git-credentials-c49f3c26-0f79-4d05-815d-aabb85f0c872.config
test (Python 3.12)	Run actions/checkout@3d3c42e5aac5ba805825da76410c181273ba90b1	2026-10-06T09:24:30.9453485Z [command]/usr/bin/git config --local includeIf.gitdir:/github/workspace/.git/worktrees/*.path /github/runner_temp/git-credentials-c49f3c26-0f79-4d05-815d-aabb85f0c872.config
test (Python 3.12)	Run actions/checkout@3d3c42e5aac5ba805825da76410c181273ba90b1	2026-10-06T09:24:30.9491283Z ##[endgroup]
test (Python 3.12)	Run actions/checkout@3d3c42e5aac5ba805825da76410c181273ba90b1	2026-10-06T09:24:30.9492476Z ##[group]Fetching the repository
test (Python 3.12)	Run actions/checkout@3d3c42e5aac5ba805825da76410c181273ba90b1	2026-10-06T09:24:30.9499986Z [command]/usr/bin/git -c protocol.version=2 fetch --no-tags --prune --no-recurse-submodules --depth=1 origin +8cdac98ba655cdffc296c2090381fdd791ec8904:refs/remotes/origin/main
test (Python 3.12)	Run actions/checkout@3d3c42e5aac5ba805825da76410c181273ba90b1	2026-10-06T09:24:31.4283697Z From https://github.com/Waddenn/cicd-fil-rouge
test (Python 3.12)	Run actions/checkout@3d3c42e5aac5ba805825da76410c181273ba90b1	2026-10-06T09:24:31.4284453Z  * [new ref]         8cdac98ba655cdffc296c2090381fdd791ec8904 -> origin/main
test (Python 3.12)	Run actions/checkout@3d3c42e5aac5ba805825da76410c181273ba90b1	2026-10-06T09:24:31.4293183Z [command]/usr/bin/git branch --list --remote origin/main
test (Python 3.12)	Run actions/checkout@3d3c42e5aac5ba805825da76410c181273ba90b1	2026-10-06T09:24:31.4324494Z   origin/main
test (Python 3.12)	Run actions/checkout@3d3c42e5aac5ba805825da76410c181273ba90b1	2026-10-06T09:24:31.4334505Z [command]/usr/bin/git rev-parse refs/remotes/origin/main
test (Python 3.12)	Run actions/checkout@3d3c42e5aac5ba805825da76410c181273ba90b1	2026-10-06T09:24:31.4363968Z 8cdac98ba655cdffc296c2090381fdd791ec8904
test (Python 3.12)	Run actions/checkout@3d3c42e5aac5ba805825da76410c181273ba90b1	2026-10-06T09:24:31.4367539Z ##[endgroup]
test (Python 3.12)	Run actions/checkout@3d3c42e5aac5ba805825da76410c181273ba90b1	2026-10-06T09:24:31.4368117Z ##[group]Determining the checkout info
test (Python 3.12)	Run actions/checkout@3d3c42e5aac5ba805825da76410c181273ba90b1	2026-10-06T09:24:31.4369041Z ##[endgroup]
test (Python 3.12)	Run actions/checkout@3d3c42e5aac5ba805825da76410c181273ba90b1	2026-10-06T09:24:31.4373930Z [command]/usr/bin/git sparse-checkout disable
test (Python 3.12)	Run actions/checkout@3d3c42e5aac5ba805825da76410c181273ba90b1	2026-10-06T09:24:31.4439347Z [command]/usr/bin/git config --local --unset-all extensions.worktreeConfig
test (Python 3.12)	Run actions/checkout@3d3c42e5aac5ba805825da76410c181273ba90b1	2026-10-06T09:24:31.4475192Z ##[group]Checking out the ref
test (Python 3.12)	Run actions/checkout@3d3c42e5aac5ba805825da76410c181273ba90b1	2026-10-06T09:24:31.4479504Z [command]/usr/bin/git checkout --progress --force -B main refs/remotes/origin/main
test (Python 3.12)	Run actions/checkout@3d3c42e5aac5ba805825da76410c181273ba90b1	2026-10-06T09:24:31.4600382Z Switched to a new branch 'main'
test (Python 3.12)	Run actions/checkout@3d3c42e5aac5ba805825da76410c181273ba90b1	2026-10-06T09:24:31.4603782Z branch 'main' set up to track 'origin/main'.
test (Python 3.12)	Run actions/checkout@3d3c42e5aac5ba805825da76410c181273ba90b1	2026-10-06T09:24:31.4609647Z ##[endgroup]
test (Python 3.12)	Run actions/checkout@3d3c42e5aac5ba805825da76410c181273ba90b1	2026-10-06T09:24:31.4654817Z [command]/usr/bin/git log -1 --format=%H
test (Python 3.12)	Run actions/checkout@3d3c42e5aac5ba805825da76410c181273ba90b1	2026-10-06T09:24:31.4680991Z 8cdac98ba655cdffc296c2090381fdd791ec8904
test (Python 3.12)	Run actions/setup-python@5fda3b95a4ea91299a34e894583c3862153e4b97	﻿2026-10-06T09:24:31.4918333Z ##[group]Run actions/setup-python@5fda3b95a4ea91299a34e894583c3862153e4b97
test (Python 3.12)	Run actions/setup-python@5fda3b95a4ea91299a34e894583c3862153e4b97	2026-10-06T09:24:31.4919004Z with:
test (Python 3.12)	Run actions/setup-python@5fda3b95a4ea91299a34e894583c3862153e4b97	2026-10-06T09:24:31.4919281Z   python-version: 3.12
test (Python 3.12)	Run actions/setup-python@5fda3b95a4ea91299a34e894583c3862153e4b97	2026-10-06T09:24:31.4919513Z   cache: pip
test (Python 3.12)	Run actions/setup-python@5fda3b95a4ea91299a34e894583c3862153e4b97	2026-10-06T09:24:31.4919799Z   cache-dependency-path: requirements.txt
test (Python 3.12)	Run actions/setup-python@5fda3b95a4ea91299a34e894583c3862153e4b97	requirements-dev.txt
test (Python 3.12)	Run actions/setup-python@5fda3b95a4ea91299a34e894583c3862153e4b97	
test (Python 3.12)	Run actions/setup-python@5fda3b95a4ea91299a34e894583c3862153e4b97	2026-10-06T09:24:31.4920144Z   check-latest: false
test (Python 3.12)	Run actions/setup-python@5fda3b95a4ea91299a34e894583c3862153e4b97	2026-10-06T09:24:31.4922354Z   token: ***
test (Python 3.12)	Run actions/setup-python@5fda3b95a4ea91299a34e894583c3862153e4b97	2026-10-06T09:24:31.4922576Z   update-environment: true
test (Python 3.12)	Run actions/setup-python@5fda3b95a4ea91299a34e894583c3862153e4b97	2026-10-06T09:24:31.4922828Z   allow-prereleases: false
test (Python 3.12)	Run actions/setup-python@5fda3b95a4ea91299a34e894583c3862153e4b97	2026-10-06T09:24:31.4923068Z   freethreaded: false
test (Python 3.12)	Run actions/setup-python@5fda3b95a4ea91299a34e894583c3862153e4b97	2026-10-06T09:24:31.4923292Z ##[endgroup]
test (Python 3.12)	Run actions/setup-python@5fda3b95a4ea91299a34e894583c3862153e4b97	2026-10-06T09:24:31.5970988Z ##[group]Installed versions
test (Python 3.12)	Run actions/setup-python@5fda3b95a4ea91299a34e894583c3862153e4b97	2026-10-06T09:24:31.8671419Z Successfully set up CPython (3.12.14)
test (Python 3.12)	Run actions/setup-python@5fda3b95a4ea91299a34e894583c3862153e4b97	2026-10-06T09:24:31.8672195Z ##[endgroup]
test (Python 3.12)	Run actions/setup-python@5fda3b95a4ea91299a34e894583c3862153e4b97	2026-10-06T09:24:31.8953013Z [command]/opt/hostedtoolcache/Python/3.12.14/x64/bin/pip cache dir
test (Python 3.12)	Run actions/setup-python@5fda3b95a4ea91299a34e894583c3862153e4b97	2026-10-06T09:24:34.0470359Z /home/runner/.cache/pip
test (Python 3.12)	Run actions/setup-python@5fda3b95a4ea91299a34e894583c3862153e4b97	2026-10-06T09:24:34.3582579Z Cache hit for: setup-python-Linux-x64-24.04-Ubuntu-python-3.12.14-pip-0cc5f5eab56f1237ba4586eceac9729a233f92348fa5d801507e7755cbf34434
test (Python 3.12)	Run actions/setup-python@5fda3b95a4ea91299a34e894583c3862153e4b97	2026-10-06T09:24:34.6460515Z Received 18671314 of 18671314 (100.0%), 82.1 MBs/sec
test (Python 3.12)	Run actions/setup-python@5fda3b95a4ea91299a34e894583c3862153e4b97	2026-10-06T09:24:34.6461108Z Cache Size: ~18 MB (18671314 B)
test (Python 3.12)	Run actions/setup-python@5fda3b95a4ea91299a34e894583c3862153e4b97	2026-10-06T09:24:34.6543604Z [command]/usr/bin/tar -xf /home/runner/work/_temp/e96d3bb1-d4dd-4b36-b28a-80bbb8f00f16/cache.tzst -P -C /home/runner/work/cicd-fil-rouge/cicd-fil-rouge --use-compress-program unzstd
test (Python 3.12)	Run actions/setup-python@5fda3b95a4ea91299a34e894583c3862153e4b97	2026-10-06T09:24:34.6964389Z Cache restored successfully
test (Python 3.12)	Run actions/setup-python@5fda3b95a4ea91299a34e894583c3862153e4b97	2026-10-06T09:24:34.6976037Z Cache restored from key: setup-python-Linux-x64-24.04-Ubuntu-python-3.12.14-pip-0cc5f5eab56f1237ba4586eceac9729a233f92348fa5d801507e7755cbf34434
test (Python 3.12)	Installer les dépendances	﻿2026-10-06T09:24:34.7126001Z ##[group]Run started=$SECONDS
test (Python 3.12)	Installer les dépendances	2026-10-06T09:24:34.7126373Z ^[[36;1mstarted=$SECONDS^[[0m
test (Python 3.12)	Installer les dépendances	2026-10-06T09:24:34.7126653Z ^[[36;1mpython -m pip install -r requirements-dev.txt^[[0m
test (Python 3.12)	Installer les dépendances	2026-10-06T09:24:34.7127097Z ^[[36;1mecho "Installation Python 3.12 : $((SECONDS - started)) s" >> "$GITHUB_STEP_SUMMARY"^[[0m
test (Python 3.12)	Installer les dépendances	2026-10-06T09:24:34.7505175Z shell: /usr/bin/bash -e {0}
test (Python 3.12)	Installer les dépendances	2026-10-06T09:24:34.7505562Z env:
test (Python 3.12)	Installer les dépendances	2026-10-06T09:24:34.7505819Z   pythonLocation: /opt/hostedtoolcache/Python/3.12.14/x64
test (Python 3.12)	Installer les dépendances	2026-10-06T09:24:34.7506228Z   PKG_CONFIG_PATH: /opt/hostedtoolcache/Python/3.12.14/x64/lib/pkgconfig
test (Python 3.12)	Installer les dépendances	2026-10-06T09:24:34.7506606Z   Python_ROOT_DIR: /opt/hostedtoolcache/Python/3.12.14/x64
test (Python 3.12)	Installer les dépendances	2026-10-06T09:24:34.7506943Z   Python2_ROOT_DIR: /opt/hostedtoolcache/Python/3.12.14/x64
test (Python 3.12)	Installer les dépendances	2026-10-06T09:24:34.7507252Z   Python3_ROOT_DIR: /opt/hostedtoolcache/Python/3.12.14/x64
test (Python 3.12)	Installer les dépendances	2026-10-06T09:24:34.7507568Z   LD_LIBRARY_PATH: /opt/hostedtoolcache/Python/3.12.14/x64/lib
test (Python 3.12)	Installer les dépendances	2026-10-06T09:24:34.7508104Z ##[endgroup]
test (Python 3.12)	Installer les dépendances	2026-10-06T09:24:36.3186630Z Collecting fastapi==0.115.6 (from -r /home/runner/work/cicd-fil-rouge/cicd-fil-rouge/requirements.txt (line 1))
test (Python 3.12)	Installer les dépendances	2026-10-06T09:24:36.3198608Z   Using cached fastapi-0.115.6-py3-none-any.whl.metadata (27 kB)
test (Python 3.12)	Installer les dépendances	2026-10-06T09:24:36.3329807Z Collecting uvicorn==0.32.1 (from -r /home/runner/work/cicd-fil-rouge/cicd-fil-rouge/requirements.txt (line 2))
test (Python 3.12)	Installer les dépendances	2026-10-06T09:24:36.3340465Z   Using cached uvicorn-0.32.1-py3-none-any.whl.metadata (6.6 kB)
test (Python 3.12)	Installer les dépendances	2026-10-06T09:24:36.3442183Z Collecting requests==2.25.1 (from -r /home/runner/work/cicd-fil-rouge/cicd-fil-rouge/requirements.txt (line 3))
test (Python 3.12)	Installer les dépendances	2026-10-06T09:24:36.3452112Z   Using cached requests-2.25.1-py2.py3-none-any.whl.metadata (4.2 kB)
test (Python 3.12)	Installer les dépendances	2026-10-06T09:24:36.3587462Z Collecting pytest==8.3.4 (from -r requirements-dev.txt (line 2))
test (Python 3.12)	Installer les dépendances	2026-10-06T09:24:36.3597213Z   Using cached pytest-8.3.4-py3-none-any.whl.metadata (7.5 kB)
test (Python 3.12)	Installer les dépendances	2026-10-06T09:24:36.3672338Z Collecting httpx==0.28.1 (from -r requirements-dev.txt (line 3))
test (Python 3.12)	Installer les dépendances	2026-10-06T09:24:36.3682205Z   Using cached httpx-0.28.1-py3-none-any.whl.metadata (7.1 kB)
test (Python 3.12)	Installer les dépendances	2026-10-06T09:24:36.6062788Z Collecting ruff==0.8.4 (from -r requirements-dev.txt (line 4))
test (Python 3.12)	Installer les dépendances	2026-10-06T09:24:36.6074285Z   Using cached ruff-0.8.4-py3-none-manylinux_2_17_x86_64.manylinux2014_x86_64.whl.metadata (25 kB)
test (Python 3.12)	Installer les dépendances	2026-10-06T09:24:36.6203347Z Collecting starlette<0.42.0,>=0.40.0 (from fastapi==0.115.6->-r /home/runner/work/cicd-fil-rouge/cicd-fil-rouge/requirements.txt (line 1))
test (Python 3.12)	Installer les dépendances	2026-10-06T09:24:36.6213101Z   Using cached starlette-0.41.3-py3-none-any.whl.metadata (6.0 kB)
test (Python 3.12)	Installer les dépendances	2026-10-06T09:24:36.6909890Z Collecting pydantic!=1.8,!=1.8.1,!=2.0.0,!=2.0.1,!=2.1.0,<3.0.0,>=1.7.4 (from fastapi==0.115.6->-r /home/runner/work/cicd-fil-rouge/cicd-fil-rouge/requirements.txt (line 1))
test (Python 3.12)	Installer les dépendances	2026-10-06T09:24:36.6921085Z   Using cached pydantic-2.13.5-py3-none-any.whl.metadata (110 kB)
test (Python 3.12)	Installer les dépendances	2026-10-06T09:24:36.7016831Z Collecting typing-extensions>=4.8.0 (from fastapi==0.115.6->-r /home/runner/work/cicd-fil-rouge/cicd-fil-rouge/requirements.txt (line 1))
test (Python 3.12)	Installer les dépendances	2026-10-06T09:24:36.7026479Z   Using cached typing_extensions-4.16.0-py3-none-any.whl.metadata (3.3 kB)
test (Python 3.12)	Installer les dépendances	2026-10-06T09:24:36.7101074Z Collecting click>=7.0 (from uvicorn==0.32.1->-r /home/runner/work/cicd-fil-rouge/cicd-fil-rouge/requirements.txt (line 2))
test (Python 3.12)	Installer les dépendances	2026-10-06T09:24:36.7109967Z   Using cached click-8.5.0-py3-none-any.whl.metadata (2.6 kB)
test (Python 3.12)	Installer les dépendances	2026-10-06T09:24:36.7145098Z Collecting h11>=0.8 (from uvicorn==0.32.1->-r /home/runner/work/cicd-fil-rouge/cicd-fil-rouge/requirements.txt (line 2))
test (Python 3.12)	Installer les dépendances	2026-10-06T09:24:36.7154136Z   Using cached h11-0.16.0-py3-none-any.whl.metadata (8.3 kB)
test (Python 3.12)	Installer les dépendances	2026-10-06T09:24:36.7339032Z Collecting chardet<5,>=3.0.2 (from requests==2.25.1->-r /home/runner/work/cicd-fil-rouge/cicd-fil-rouge/requirements.txt (line 3))
test (Python 3.12)	Installer les dépendances	2026-10-06T09:24:36.7348970Z   Using cached chardet-4.0.0-py2.py3-none-any.whl.metadata (3.5 kB)
test (Python 3.12)	Installer les dépendances	2026-10-06T09:24:36.7399532Z Collecting idna<3,>=2.5 (from requests==2.25.1->-r /home/runner/work/cicd-fil-rouge/cicd-fil-rouge/requirements.txt (line 3))
test (Python 3.12)	Installer les dépendances	2026-10-06T09:24:36.7408577Z   Using cached idna-2.10-py2.py3-none-any.whl.metadata (9.1 kB)
test (Python 3.12)	Installer les dépendances	2026-10-06T09:24:36.7509342Z Collecting urllib3<1.27,>=1.21.1 (from requests==2.25.1->-r /home/runner/work/cicd-fil-rouge/cicd-fil-rouge/requirements.txt (line 3))
test (Python 3.12)	Installer les dépendances	2026-10-06T09:24:36.7518835Z   Using cached urllib3-1.26.20-py2.py3-none-any.whl.metadata (50 kB)
test (Python 3.12)	Installer les dépendances	2026-10-06T09:24:36.7633421Z Collecting certifi>=2017.4.17 (from requests==2.25.1->-r /home/runner/work/cicd-fil-rouge/cicd-fil-rouge/requirements.txt (line 3))
test (Python 3.12)	Installer les dépendances	2026-10-06T09:24:36.7642808Z   Using cached certifi-2026.7.22-py3-none-any.whl.metadata (2.5 kB)
test (Python 3.12)	Installer les dépendances	2026-10-06T09:24:36.7684150Z Collecting iniconfig (from pytest==8.3.4->-r requirements-dev.txt (line 2))
test (Python 3.12)	Installer les dépendances	2026-10-06T09:24:36.7693015Z   Using cached iniconfig-2.3.0-py3-none-any.whl.metadata (2.5 kB)
test (Python 3.12)	Installer les dépendances	2026-10-06T09:24:36.7761446Z Collecting packaging (from pytest==8.3.4->-r requirements-dev.txt (line 2))
test (Python 3.12)	Installer les dépendances	2026-10-06T09:24:36.7770622Z   Using cached packaging-26.3-py3-none-any.whl.metadata (3.5 kB)
test (Python 3.12)	Installer les dépendances	2026-10-06T09:24:36.7810219Z Collecting pluggy<2,>=1.5 (from pytest==8.3.4->-r requirements-dev.txt (line 2))
test (Python 3.12)	Installer les dépendances	2026-10-06T09:24:36.7819178Z   Using cached pluggy-1.6.0-py3-none-any.whl.metadata (4.8 kB)
test (Python 3.12)	Installer les dépendances	2026-10-06T09:24:36.7914809Z Collecting anyio (from httpx==0.28.1->-r requirements-dev.txt (line 3))
test (Python 3.12)	Installer les dépendances	2026-10-06T09:24:36.7924379Z   Using cached anyio-4.15.1-py3-none-any.whl.metadata (4.7 kB)
test (Python 3.12)	Installer les dépendances	2026-10-06T09:24:36.7990672Z Collecting httpcore==1.* (from httpx==0.28.1->-r requirements-dev.txt (line 3))
test (Python 3.12)	Installer les dépendances	2026-10-06T09:24:36.8000034Z   Using cached httpcore-1.0.9-py3-none-any.whl.metadata (21 kB)
test (Python 3.12)	Installer les dépendances	2026-10-06T09:24:36.8064129Z Collecting annotated-types>=0.6.0 (from pydantic!=1.8,!=1.8.1,!=2.0.0,!=2.0.1,!=2.1.0,<3.0.0,>=1.7.4->fastapi==0.115.6->-r /home/runner/work/cicd-fil-rouge/cicd-fil-rouge/requirements.txt (line 1))
test (Python 3.12)	Installer les dépendances	2026-10-06T09:24:36.8072896Z   Using cached annotated_types-0.8.0-py3-none-any.whl.metadata (15 kB)
test (Python 3.12)	Installer les dépendances	2026-10-06T09:24:37.2829293Z Collecting pydantic-core==2.46.5 (from pydantic!=1.8,!=1.8.1,!=2.0.0,!=2.0.1,!=2.1.0,<3.0.0,>=1.7.4->fastapi==0.115.6->-r /home/runner/work/cicd-fil-rouge/cicd-fil-rouge/requirements.txt (line 1))
test (Python 3.12)	Installer les dépendances	2026-10-06T09:24:37.2840450Z   Using cached pydantic_core-2.46.5-cp312-cp312-manylinux_2_17_x86_64.manylinux2014_x86_64.whl.metadata (6.6 kB)
test (Python 3.12)	Installer les dépendances	2026-10-06T09:24:37.2880847Z Collecting typing-inspection>=0.4.2 (from pydantic!=1.8,!=1.8.1,!=2.0.0,!=2.0.1,!=2.1.0,<3.0.0,>=1.7.4->fastapi==0.115.6->-r /home/runner/work/cicd-fil-rouge/cicd-fil-rouge/requirements.txt (line 1))
test (Python 3.12)	Installer les dépendances	2026-10-06T09:24:37.2889373Z   Using cached typing_inspection-0.4.4-py3-none-any.whl.metadata (2.6 kB)
test (Python 3.12)	Installer les dépendances	2026-10-06T09:24:37.2973755Z Using cached fastapi-0.115.6-py3-none-any.whl (94 kB)
test (Python 3.12)	Installer les dépendances	2026-10-06T09:24:37.2982986Z Using cached uvicorn-0.32.1-py3-none-any.whl (63 kB)
test (Python 3.12)	Installer les dépendances	2026-10-06T09:24:37.2991927Z Using cached requests-2.25.1-py2.py3-none-any.whl (61 kB)
test (Python 3.12)	Installer les dépendances	2026-10-06T09:24:37.3000313Z Using cached pytest-8.3.4-py3-none-any.whl (343 kB)
test (Python 3.12)	Installer les dépendances	2026-10-06T09:24:37.3009751Z Using cached httpx-0.28.1-py3-none-any.whl (73 kB)
test (Python 3.12)	Installer les dépendances	2026-10-06T09:24:37.3018261Z Using cached ruff-0.8.4-py3-none-manylinux_2_17_x86_64.manylinux2014_x86_64.whl (11.2 MB)
test (Python 3.12)	Installer les dépendances	2026-10-06T09:24:37.3059268Z Using cached chardet-4.0.0-py2.py3-none-any.whl (178 kB)
test (Python 3.12)	Installer les dépendances	2026-10-06T09:24:37.3068331Z Using cached httpcore-1.0.9-py3-none-any.whl (78 kB)
test (Python 3.12)	Installer les dépendances	2026-10-06T09:24:37.3076768Z Using cached idna-2.10-py2.py3-none-any.whl (58 kB)
test (Python 3.12)	Installer les dépendances	2026-10-06T09:24:37.3085464Z Using cached pluggy-1.6.0-py3-none-any.whl (20 kB)
test (Python 3.12)	Installer les dépendances	2026-10-06T09:24:37.3093722Z Using cached pydantic-2.13.5-py3-none-any.whl (472 kB)
test (Python 3.12)	Installer les dépendances	2026-10-06T09:24:37.3103783Z Using cached pydantic_core-2.46.5-cp312-cp312-manylinux_2_17_x86_64.manylinux2014_x86_64.whl (2.1 MB)
test (Python 3.12)	Installer les dépendances	2026-10-06T09:24:37.3118101Z Using cached starlette-0.41.3-py3-none-any.whl (73 kB)
test (Python 3.12)	Installer les dépendances	2026-10-06T09:24:37.3126562Z Using cached anyio-4.15.1-py3-none-any.whl (132 kB)
test (Python 3.12)	Installer les dépendances	2026-10-06T09:24:37.3135286Z Using cached urllib3-1.26.20-py2.py3-none-any.whl (144 kB)
test (Python 3.12)	Installer les dépendances	2026-10-06T09:24:37.3143899Z Using cached annotated_types-0.8.0-py3-none-any.whl (13 kB)
test (Python 3.12)	Installer les dépendances	2026-10-06T09:24:37.3152140Z Using cached certifi-2026.7.22-py3-none-any.whl (136 kB)
test (Python 3.12)	Installer les dépendances	2026-10-06T09:24:37.3160477Z Using cached click-8.5.0-py3-none-any.whl (125 kB)
test (Python 3.12)	Installer les dépendances	2026-10-06T09:24:37.3168797Z Using cached h11-0.16.0-py3-none-any.whl (37 kB)
test (Python 3.12)	Installer les dépendances	2026-10-06T09:24:37.3177246Z Using cached typing_extensions-4.16.0-py3-none-any.whl (45 kB)
test (Python 3.12)	Installer les dépendances	2026-10-06T09:24:37.3185596Z Using cached typing_inspection-0.4.4-py3-none-any.whl (14 kB)
test (Python 3.12)	Installer les dépendances	2026-10-06T09:24:37.3193689Z Using cached iniconfig-2.3.0-py3-none-any.whl (7.5 kB)
test (Python 3.12)	Installer les dépendances	2026-10-06T09:24:37.3201681Z Using cached packaging-26.3-py3-none-any.whl (129 kB)
test (Python 3.12)	Installer les dépendances	2026-10-06T09:24:37.8765364Z Installing collected packages: urllib3, typing-extensions, ruff, pluggy, packaging, iniconfig, idna, h11, click, chardet, certifi, annotated-types, uvicorn, typing-inspection, requests, pytest, pydantic-core, httpcore, anyio, starlette, pydantic, httpx, fastapi
test (Python 3.12)	Installer les dépendances	2026-10-06T09:24:42.4666249Z 
test (Python 3.12)	Installer les dépendances	2026-10-06T09:24:42.4687322Z Successfully installed annotated-types-0.8.0 anyio-4.15.1 certifi-2026.7.22 chardet-4.0.0 click-8.5.0 fastapi-0.115.6 h11-0.16.0 httpcore-1.0.9 httpx-0.28.1 idna-2.10 iniconfig-2.3.0 packaging-26.3 pluggy-1.6.0 pydantic-2.13.5 pydantic-core-2.46.5 pytest-8.3.4 requests-2.25.1 ruff-0.8.4 starlette-0.41.3 typing-extensions-4.16.0 typing-inspection-0.4.4 urllib3-1.26.20 uvicorn-0.32.1
test (Python 3.12)	Run python -m pytest --junitxml=reports/junit.xml	﻿2026-10-06T09:24:42.6360249Z ##[group]Run python -m pytest --junitxml=reports/junit.xml
test (Python 3.12)	Run python -m pytest --junitxml=reports/junit.xml	2026-10-06T09:24:42.6360623Z ^[[36;1mpython -m pytest --junitxml=reports/junit.xml^[[0m
test (Python 3.12)	Run python -m pytest --junitxml=reports/junit.xml	2026-10-06T09:24:42.6416528Z shell: /usr/bin/bash -e {0}
test (Python 3.12)	Run python -m pytest --junitxml=reports/junit.xml	2026-10-06T09:24:42.6416750Z env:
test (Python 3.12)	Run python -m pytest --junitxml=reports/junit.xml	2026-10-06T09:24:42.6416975Z   pythonLocation: /opt/hostedtoolcache/Python/3.12.14/x64
test (Python 3.12)	Run python -m pytest --junitxml=reports/junit.xml	2026-10-06T09:24:42.6417322Z   PKG_CONFIG_PATH: /opt/hostedtoolcache/Python/3.12.14/x64/lib/pkgconfig
test (Python 3.12)	Run python -m pytest --junitxml=reports/junit.xml	2026-10-06T09:24:42.6417667Z   Python_ROOT_DIR: /opt/hostedtoolcache/Python/3.12.14/x64
test (Python 3.12)	Run python -m pytest --junitxml=reports/junit.xml	2026-10-06T09:24:42.6417965Z   Python2_ROOT_DIR: /opt/hostedtoolcache/Python/3.12.14/x64
test (Python 3.12)	Run python -m pytest --junitxml=reports/junit.xml	2026-10-06T09:24:42.6418274Z   Python3_ROOT_DIR: /opt/hostedtoolcache/Python/3.12.14/x64
test (Python 3.12)	Run python -m pytest --junitxml=reports/junit.xml	2026-10-06T09:24:42.6418580Z   LD_LIBRARY_PATH: /opt/hostedtoolcache/Python/3.12.14/x64/lib
test (Python 3.12)	Run python -m pytest --junitxml=reports/junit.xml	2026-10-06T09:24:42.6418947Z ##[endgroup]
test (Python 3.12)	Run python -m pytest --junitxml=reports/junit.xml	2026-10-06T09:24:46.0991990Z ============================= test session starts ==============================
test (Python 3.12)	Run python -m pytest --junitxml=reports/junit.xml	2026-10-06T09:24:46.0992667Z platform linux -- Python 3.12.14, pytest-8.3.4, pluggy-1.6.0
test (Python 3.12)	Run python -m pytest --junitxml=reports/junit.xml	2026-10-06T09:24:46.0993284Z rootdir: /home/runner/work/cicd-fil-rouge/cicd-fil-rouge
test (Python 3.12)	Run python -m pytest --junitxml=reports/junit.xml	2026-10-06T09:24:46.0993699Z configfile: pyproject.toml
test (Python 3.12)	Run python -m pytest --junitxml=reports/junit.xml	2026-10-06T09:24:46.0993980Z testpaths: tests
test (Python 3.12)	Run python -m pytest --junitxml=reports/junit.xml	2026-10-06T09:24:46.0994268Z plugins: anyio-4.15.1
test (Python 3.12)	Run python -m pytest --junitxml=reports/junit.xml	2026-10-06T09:24:46.0994550Z collected 9 items
test (Python 3.12)	Run python -m pytest --junitxml=reports/junit.xml	2026-10-06T09:24:46.0994718Z 
test (Python 3.12)	Run python -m pytest --junitxml=reports/junit.xml	2026-10-06T09:24:46.2695253Z tests/test_health.py .                                                   [ 11%]
test (Python 3.12)	Run python -m pytest --junitxml=reports/junit.xml	2026-10-06T09:24:46.4878441Z tests/test_tasks.py ........                                             [100%]
test (Python 3.12)	Run python -m pytest --junitxml=reports/junit.xml	2026-10-06T09:24:46.4879061Z 
test (Python 3.12)	Run python -m pytest --junitxml=reports/junit.xml	2026-10-06T09:24:46.4879267Z =============================== warnings summary ===============================
test (Python 3.12)	Run python -m pytest --junitxml=reports/junit.xml	2026-10-06T09:24:46.4879975Z ../../../../../opt/hostedtoolcache/Python/3.12.14/x64/lib/python3.12/site-packages/starlette/testclient.py:40
test (Python 3.12)	Run python -m pytest --junitxml=reports/junit.xml	2026-10-06T09:24:46.4881347Z   /opt/hostedtoolcache/Python/3.12.14/x64/lib/python3.12/site-packages/starlette/testclient.py:40: DeprecationWarning: The anyio.abc.BlockingPortal alias is deprecated, use anyio.from_thread.BlockingPortal instead.
test (Python 3.12)	Run python -m pytest --junitxml=reports/junit.xml	2026-10-06T09:24:46.4882688Z     _PortalFactoryType = typing.Callable[[], typing.ContextManager[anyio.abc.BlockingPortal]]
test (Python 3.12)	Run python -m pytest --junitxml=reports/junit.xml	2026-10-06T09:24:46.4883126Z 
test (Python 3.12)	Run python -m pytest --junitxml=reports/junit.xml	2026-10-06T09:24:46.4883398Z -- Docs: https://docs.pytest.org/en/stable/how-to/capture-warnings.html
test (Python 3.12)	Run python -m pytest --junitxml=reports/junit.xml	2026-10-06T09:24:46.4884076Z - generated xml file: /home/runner/work/cicd-fil-rouge/cicd-fil-rouge/reports/junit.xml -
test (Python 3.12)	Run python -m pytest --junitxml=reports/junit.xml	2026-10-06T09:24:46.4884642Z ========================= 9 passed, 1 warning in 0.40s =========================
test (Python 3.12)	Conserver le rapport de tests	﻿2026-10-06T09:24:46.5588348Z ##[group]Run actions/upload-artifact@ea165f8d65b6e75b540449e92b4886f43607fa02
test (Python 3.12)	Conserver le rapport de tests	2026-10-06T09:24:46.5588962Z with:
test (Python 3.12)	Conserver le rapport de tests	2026-10-06T09:24:46.5589163Z   name: pytest-3.12
test (Python 3.12)	Conserver le rapport de tests	2026-10-06T09:24:46.5589357Z   path: reports/junit.xml
test (Python 3.12)	Conserver le rapport de tests	2026-10-06T09:24:46.5589576Z   if-no-files-found: error
test (Python 3.12)	Conserver le rapport de tests	2026-10-06T09:24:46.5589777Z   retention-days: 14
test (Python 3.12)	Conserver le rapport de tests	2026-10-06T09:24:46.5589962Z   compression-level: 6
test (Python 3.12)	Conserver le rapport de tests	2026-10-06T09:24:46.5590151Z   overwrite: false
test (Python 3.12)	Conserver le rapport de tests	2026-10-06T09:24:46.5590334Z   include-hidden-files: false
test (Python 3.12)	Conserver le rapport de tests	2026-10-06T09:24:46.5590534Z env:
test (Python 3.12)	Conserver le rapport de tests	2026-10-06T09:24:46.5590748Z   pythonLocation: /opt/hostedtoolcache/Python/3.12.14/x64
test (Python 3.12)	Conserver le rapport de tests	2026-10-06T09:24:46.5591100Z   PKG_CONFIG_PATH: /opt/hostedtoolcache/Python/3.12.14/x64/lib/pkgconfig
test (Python 3.12)	Conserver le rapport de tests	2026-10-06T09:24:46.5591434Z   Python_ROOT_DIR: /opt/hostedtoolcache/Python/3.12.14/x64
test (Python 3.12)	Conserver le rapport de tests	2026-10-06T09:24:46.5591742Z   Python2_ROOT_DIR: /opt/hostedtoolcache/Python/3.12.14/x64
test (Python 3.12)	Conserver le rapport de tests	2026-10-06T09:24:46.5592065Z   Python3_ROOT_DIR: /opt/hostedtoolcache/Python/3.12.14/x64
test (Python 3.12)	Conserver le rapport de tests	2026-10-06T09:24:46.5592405Z   LD_LIBRARY_PATH: /opt/hostedtoolcache/Python/3.12.14/x64/lib
test (Python 3.12)	Conserver le rapport de tests	2026-10-06T09:24:46.5592705Z ##[endgroup]
test (Python 3.12)	Conserver le rapport de tests	2026-10-06T09:24:46.6982776Z (node:2179) [DEP0040] DeprecationWarning: The `punycode` module is deprecated. Please use a userland alternative instead.
test (Python 3.12)	Conserver le rapport de tests	2026-10-06T09:24:46.6984122Z (Use `node --trace-deprecation ...` to show where the warning was created)
test (Python 3.12)	Conserver le rapport de tests	2026-10-06T09:24:46.7019153Z With the provided path, there will be 1 file uploaded
test (Python 3.12)	Conserver le rapport de tests	2026-10-06T09:24:46.7023413Z Artifact name is valid!
test (Python 3.12)	Conserver le rapport de tests	2026-10-06T09:24:46.7024214Z Root directory input is valid!
test (Python 3.12)	Conserver le rapport de tests	2026-10-06T09:24:46.9036227Z Beginning upload of artifact content to blob storage
test (Python 3.12)	Conserver le rapport de tests	2026-10-06T09:24:46.9175126Z (node:2179) [DEP0169] DeprecationWarning: `url.parse()` behavior is not standardized and prone to errors that have security implications. Use the WHATWG URL API instead. CVEs are not issued for `url.parse()` vulnerabilities.
test (Python 3.12)	Conserver le rapport de tests	2026-10-06T09:24:46.9395511Z Uploaded bytes 451
test (Python 3.12)	Conserver le rapport de tests	2026-10-06T09:24:46.9516355Z Finished uploading artifact content to blob storage!
test (Python 3.12)	Conserver le rapport de tests	2026-10-06T09:24:46.9517379Z SHA256 digest of uploaded artifact zip is fa76bb064ba7bc00d30c9d5452af1673a41d22a9262a1bea5ff40f11e5409e1a
test (Python 3.12)	Conserver le rapport de tests	2026-10-06T09:24:46.9518091Z Finalizing artifact upload
test (Python 3.12)	Conserver le rapport de tests	2026-10-06T09:24:47.1741559Z Artifact pytest-3.12.zip successfully finalized. Artifact ID 11401673472
test (Python 3.12)	Conserver le rapport de tests	2026-10-06T09:24:47.1742440Z Artifact pytest-3.12 has been successfully uploaded! Final size is 451 bytes. Artifact ID is 11401673472
test (Python 3.12)	Conserver le rapport de tests	2026-10-06T09:24:47.1747536Z Artifact download URL: https://github.com/Waddenn/cicd-fil-rouge/actions/runs/37442392450/artifacts/11401673472
test (Python 3.12)	Post Run actions/setup-python@5fda3b95a4ea91299a34e894583c3862153e4b97	﻿2026-10-06T09:24:47.1890585Z Post job cleanup.
test (Python 3.12)	Post Run actions/setup-python@5fda3b95a4ea91299a34e894583c3862153e4b97	2026-10-06T09:24:47.2846127Z Cache hit occurred on the primary key setup-python-Linux-x64-24.04-Ubuntu-python-3.12.14-pip-0cc5f5eab56f1237ba4586eceac9729a233f92348fa5d801507e7755cbf34434, not saving cache.
test (Python 3.12)	Post Run actions/checkout@3d3c42e5aac5ba805825da76410c181273ba90b1	﻿2026-10-06T09:24:47.2961235Z Post job cleanup.
test (Python 3.12)	Post Run actions/checkout@3d3c42e5aac5ba805825da76410c181273ba90b1	2026-10-06T09:24:47.3642416Z [command]/usr/bin/git version
test (Python 3.12)	Post Run actions/checkout@3d3c42e5aac5ba805825da76410c181273ba90b1	2026-10-06T09:24:47.3687104Z git version 2.55.0
test (Python 3.12)	Post Run actions/checkout@3d3c42e5aac5ba805825da76410c181273ba90b1	2026-10-06T09:24:47.3719739Z Temporarily overriding HOME='/home/runner/work/_temp/73b2ec06-f64a-4ae2-9c61-801eba1948d3' before making global git config changes
test (Python 3.12)	Post Run actions/checkout@3d3c42e5aac5ba805825da76410c181273ba90b1	2026-10-06T09:24:47.3720732Z Adding repository directory to the temporary git global config as a safe directory
test (Python 3.12)	Post Run actions/checkout@3d3c42e5aac5ba805825da76410c181273ba90b1	2026-10-06T09:24:47.3725917Z [command]/usr/bin/git config --global --add safe.directory /home/runner/work/cicd-fil-rouge/cicd-fil-rouge
test (Python 3.12)	Post Run actions/checkout@3d3c42e5aac5ba805825da76410c181273ba90b1	2026-10-06T09:24:47.3756510Z Removing SSH command configuration
test (Python 3.12)	Post Run actions/checkout@3d3c42e5aac5ba805825da76410c181273ba90b1	2026-10-06T09:24:47.3762483Z [command]/usr/bin/git config --local --name-only --get-regexp core\.sshCommand
test (Python 3.12)	Post Run actions/checkout@3d3c42e5aac5ba805825da76410c181273ba90b1	2026-10-06T09:24:47.3793875Z [command]/usr/bin/git submodule foreach --recursive sh -c "git config --local --name-only --get-regexp 'core\.sshCommand' && git config --local --unset-all 'core.sshCommand' || :"
test (Python 3.12)	Post Run actions/checkout@3d3c42e5aac5ba805825da76410c181273ba90b1	2026-10-06T09:24:47.4008661Z Removing HTTP extra header
test (Python 3.12)	Post Run actions/checkout@3d3c42e5aac5ba805825da76410c181273ba90b1	2026-10-06T09:24:47.4023453Z [command]/usr/bin/git config --local --name-only --get-regexp http\.https\:\/\/github\.com\/\.extraheader
test (Python 3.12)	Post Run actions/checkout@3d3c42e5aac5ba805825da76410c181273ba90b1	2026-10-06T09:24:47.4057916Z [command]/usr/bin/git submodule foreach --recursive sh -c "git config --local --name-only --get-regexp 'http\.https\:\/\/github\.com\/\.extraheader' && git config --local --unset-all 'http.https://github.com/.extraheader' || :"
test (Python 3.12)	Post Run actions/checkout@3d3c42e5aac5ba805825da76410c181273ba90b1	2026-10-06T09:24:47.4286075Z Removing includeIf entries pointing to credentials config files
test (Python 3.12)	Post Run actions/checkout@3d3c42e5aac5ba805825da76410c181273ba90b1	2026-10-06T09:24:47.4292439Z [command]/usr/bin/git config --local --name-only --get-regexp ^includeIf\.gitdir:
test (Python 3.12)	Post Run actions/checkout@3d3c42e5aac5ba805825da76410c181273ba90b1	2026-10-06T09:24:47.4323647Z includeif.gitdir:/home/runner/work/cicd-fil-rouge/cicd-fil-rouge/.git.path
test (Python 3.12)	Post Run actions/checkout@3d3c42e5aac5ba805825da76410c181273ba90b1	2026-10-06T09:24:47.4325481Z includeif.gitdir:/home/runner/work/cicd-fil-rouge/cicd-fil-rouge/.git/worktrees/*.path
test (Python 3.12)	Post Run actions/checkout@3d3c42e5aac5ba805825da76410c181273ba90b1	2026-10-06T09:24:47.4326303Z includeif.gitdir:/github/workspace/.git.path
test (Python 3.12)	Post Run actions/checkout@3d3c42e5aac5ba805825da76410c181273ba90b1	2026-10-06T09:24:47.4326909Z includeif.gitdir:/github/workspace/.git/worktrees/*.path
test (Python 3.12)	Post Run actions/checkout@3d3c42e5aac5ba805825da76410c181273ba90b1	2026-10-06T09:24:47.4334821Z [command]/usr/bin/git config --local --get-all includeif.gitdir:/home/runner/work/cicd-fil-rouge/cicd-fil-rouge/.git.path
test (Python 3.12)	Post Run actions/checkout@3d3c42e5aac5ba805825da76410c181273ba90b1	2026-10-06T09:24:47.4360421Z /home/runner/work/_temp/git-credentials-c49f3c26-0f79-4d05-815d-aabb85f0c872.config
test (Python 3.12)	Post Run actions/checkout@3d3c42e5aac5ba805825da76410c181273ba90b1	2026-10-06T09:24:47.4378561Z [command]/usr/bin/git config --local --unset includeif.gitdir:/home/runner/work/cicd-fil-rouge/cicd-fil-rouge/.git.path \/home\/runner\/work\/_temp\/git\-credentials\-c49f3c26\-0f79\-4d05\-815d\-aabb85f0c872\.config
test (Python 3.12)	Post Run actions/checkout@3d3c42e5aac5ba805825da76410c181273ba90b1	2026-10-06T09:24:47.4418556Z [command]/usr/bin/git config --local --get-all includeif.gitdir:/home/runner/work/cicd-fil-rouge/cicd-fil-rouge/.git/worktrees/*.path
test (Python 3.12)	Post Run actions/checkout@3d3c42e5aac5ba805825da76410c181273ba90b1	2026-10-06T09:24:47.4435294Z /home/runner/work/_temp/git-credentials-c49f3c26-0f79-4d05-815d-aabb85f0c872.config
test (Python 3.12)	Post Run actions/checkout@3d3c42e5aac5ba805825da76410c181273ba90b1	2026-10-06T09:24:47.4458621Z [command]/usr/bin/git config --local --unset includeif.gitdir:/home/runner/work/cicd-fil-rouge/cicd-fil-rouge/.git/worktrees/*.path \/home\/runner\/work\/_temp\/git\-credentials\-c49f3c26\-0f79\-4d05\-815d\-aabb85f0c872\.config
test (Python 3.12)	Post Run actions/checkout@3d3c42e5aac5ba805825da76410c181273ba90b1	2026-10-06T09:24:47.4499027Z [command]/usr/bin/git config --local --get-all includeif.gitdir:/github/workspace/.git.path
test (Python 3.12)	Post Run actions/checkout@3d3c42e5aac5ba805825da76410c181273ba90b1	2026-10-06T09:24:47.4518334Z /github/runner_temp/git-credentials-c49f3c26-0f79-4d05-815d-aabb85f0c872.config
test (Python 3.12)	Post Run actions/checkout@3d3c42e5aac5ba805825da76410c181273ba90b1	2026-10-06T09:24:47.4528179Z [command]/usr/bin/git config --local --unset includeif.gitdir:/github/workspace/.git.path \/github\/runner_temp\/git\-credentials\-c49f3c26\-0f79\-4d05\-815d\-aabb85f0c872\.config
test (Python 3.12)	Post Run actions/checkout@3d3c42e5aac5ba805825da76410c181273ba90b1	2026-10-06T09:24:47.4566068Z [command]/usr/bin/git config --local --get-all includeif.gitdir:/github/workspace/.git/worktrees/*.path
test (Python 3.12)	Post Run actions/checkout@3d3c42e5aac5ba805825da76410c181273ba90b1	2026-10-06T09:24:47.4593482Z /github/runner_temp/git-credentials-c49f3c26-0f79-4d05-815d-aabb85f0c872.config
test (Python 3.12)	Post Run actions/checkout@3d3c42e5aac5ba805825da76410c181273ba90b1	2026-10-06T09:24:47.4604047Z [command]/usr/bin/git config --local --unset includeif.gitdir:/github/workspace/.git/worktrees/*.path \/github\/runner_temp\/git\-credentials\-c49f3c26\-0f79\-4d05\-815d\-aabb85f0c872\.config
test (Python 3.12)	Post Run actions/checkout@3d3c42e5aac5ba805825da76410c181273ba90b1	2026-10-06T09:24:47.4652045Z [command]/usr/bin/git submodule foreach --recursive git config --local --show-origin --name-only --get-regexp remote.origin.url
test (Python 3.12)	Post Run actions/checkout@3d3c42e5aac5ba805825da76410c181273ba90b1	2026-10-06T09:24:47.4881202Z Removing credentials config '/home/runner/work/_temp/git-credentials-c49f3c26-0f79-4d05-815d-aabb85f0c872.config'
test (Python 3.12)	Complete job	﻿2026-10-06T09:24:47.5024482Z Cleaning up orphan processes
test (Python 3.12)	Complete job	2026-10-06T09:24:47.5269972Z ##[warning]Node.js 20 is deprecated. The following actions target Node.js 20 but are being forced to run on Node.js 24: actions/upload-artifact@ea165f8d65b6e75b540449e92b4886f43607fa02. For more information see: https://github.blog/changelog/2025-09-19-deprecation-of-node-20-on-github-actions-runners/
CI OK	Set up job	﻿2026-10-06T09:24:52.4774791Z Current runner version: '2.337.0'
CI OK	Set up job	2026-10-06T09:24:52.4812444Z ##[group]Runner Image Provisioner
CI OK	Set up job	2026-10-06T09:24:52.4813896Z Hosted Compute Agent
CI OK	Set up job	2026-10-06T09:24:52.4814871Z Version: 20260901.588
CI OK	Set up job	2026-10-06T09:24:52.4815870Z Commit: f88ec8081b781fac6c440065ac7ff9e710ce3d0b
CI OK	Set up job	2026-10-06T09:24:52.4817294Z Build Date: 2026-09-01T19:56:44Z
CI OK	Set up job	2026-10-06T09:24:52.4818445Z Worker ID: {d7905202-46ea-47d9-b1fb-c7ed461dffc6}
CI OK	Set up job	2026-10-06T09:24:52.4819663Z Azure Region: eastus2
CI OK	Set up job	2026-10-06T09:24:52.4820727Z ##[endgroup]
CI OK	Set up job	2026-10-06T09:24:52.4823521Z ##[group]Operating System
CI OK	Set up job	2026-10-06T09:24:52.4824792Z Ubuntu
CI OK	Set up job	2026-10-06T09:24:52.4825684Z 24.04.5
CI OK	Set up job	2026-10-06T09:24:52.4826550Z LTS
CI OK	Set up job	2026-10-06T09:24:52.4827445Z ##[endgroup]
CI OK	Set up job	2026-10-06T09:24:52.4828337Z ##[group]Runner Image
CI OK	Set up job	2026-10-06T09:24:52.4829461Z Image: ubuntu-24.04
CI OK	Set up job	2026-10-06T09:24:52.4830455Z Version: 20260927.320.1
CI OK	Set up job	2026-10-06T09:24:52.4832635Z Included Software: https://github.com/actions/runner-images/blob/ubuntu24/20260927.320/images/ubuntu/Ubuntu2404-Readme.md
CI OK	Set up job	2026-10-06T09:24:52.4835518Z Image Release: https://github.com/actions/runner-images/releases/tag/ubuntu24%2F20260927.320
CI OK	Set up job	2026-10-06T09:24:52.4837406Z ##[endgroup]
CI OK	Set up job	2026-10-06T09:24:52.4839208Z ##[group]GITHUB_TOKEN Permissions
CI OK	Set up job	2026-10-06T09:24:52.4842462Z Contents: read
CI OK	Set up job	2026-10-06T09:24:52.4843480Z Metadata: read
CI OK	Set up job	2026-10-06T09:24:52.4844887Z ##[endgroup]
CI OK	Set up job	2026-10-06T09:24:52.4847769Z Secret source: Actions
CI OK	Set up job	2026-10-06T09:24:52.4849469Z Cache mode: write
CI OK	Set up job	2026-10-06T09:24:52.4851029Z Prepare workflow directory
CI OK	Set up job	2026-10-06T09:24:52.5300637Z Prepare all required actions
CI OK	Set up job	2026-10-06T09:24:52.5404691Z Complete job name: CI OK
CI OK	Exiger la réussite de tous les jobs	﻿2026-10-06T09:24:52.6202254Z ##[group]Run test "$LINT_RESULT" = success && test "$TEST_RESULT" = success
CI OK	Exiger la réussite de tous les jobs	2026-10-06T09:24:52.6203519Z ^[[36;1mtest "$LINT_RESULT" = success && test "$TEST_RESULT" = success^[[0m
CI OK	Exiger la réussite de tous les jobs	2026-10-06T09:24:52.7402422Z shell: /usr/bin/bash -e {0}
CI OK	Exiger la réussite de tous les jobs	2026-10-06T09:24:52.7403805Z env:
CI OK	Exiger la réussite de tous les jobs	2026-10-06T09:24:52.7404511Z   LINT_RESULT: success
CI OK	Exiger la réussite de tous les jobs	2026-10-06T09:24:52.7405122Z   TEST_RESULT: success
CI OK	Exiger la réussite de tous les jobs	2026-10-06T09:24:52.7405707Z ##[endgroup]
CI OK	Complete job	﻿2026-10-06T09:24:52.7768557Z Cleaning up orphan processes
